ရောဂါအမည်,ရောဂါလက္ခဏာ_၁,ရောဂါလက္ခဏာ_၂,ရောဂါလက္ခဏာ_၃,ရောဂါလက္ခဏာ_၄,ရောဂါလက္ခဏာ_၅,ရောဂါလက္ခဏာ_၆,ရောဂါလက္ခဏာ_၇,ရောဂါလက္ခဏာ_၈,ရောဂါလက္ခဏာ_၉,ရောဂါလက္ခဏာ_၁၀,ရောဂါလက္ခဏာ_၁၁,ရောဂါလက္ခဏာ_၁၂,ရောဂါလက္ခဏာ_၁၃,ရောဂါလက္ခဏာ_၁၄,ရောဂါလက္ခဏာ_၁၅,ရောဂါလက္ခဏာ_၁၆,ရောဂါလက္ခဏာ_၁၇
မှိုပိုးဝင်ရောဂါ,ယားယံ,အရေပြား အဖုအပိန့်ထ,အရေပြားပေါ် အဖုအပိန့်ထ,အရေပြား အရောင်ပြောင်းကွက်,,,,,,,,,,,,,
မှိုပိုးဝင်ရောဂါ,အရေပြား အဖုအပိန့်ထ,အရေပြားပေါ် အဖုအပိန့်ထ,အရေပြား အရောင်ပြောင်းကွက်,,,,,,,,,,,,,,
မှိုပိုးဝင်ရောဂါ,ယားယံ,အရေပြားပေါ် အဖုအပိန့်ထ,အရေပြား အရောင်ပြောင်းကွက်,,,,,,,,,,,,,,
မှိုပိုးဝင်ရောဂါ,ယားယံ,အရေပြား အဖုအပိန့်ထ,အရေပြား အရောင်ပြောင်းကွက်,,,,,,,,,,,,,,
မှိုပိုးဝင်ရောဂါ,ယားယံ,အရေပြား အဖုအပိန့်ထ,အရေပြားပေါ် အဖုအပိန့်ထ,,,,,,,,,,,,,,
ဓာတ်မတည့်ရောဂါ,ဆက်တိုက် နှာချေ,တုန်ချမ်း,ချမ်းစိမ့်,မျက်ရည်ယို,,,,,,,,,,,,,
ဓာတ်မတည့်ရောဂါ,တုန်ချမ်း,ချမ်းစိမ့်,မျက်ရည်ယို,,,,,,,,,,,,,,
ဓာတ်မတည့်ရောဂါ,ဆက်တိုက် နှာချေ,ချမ်းစိမ့်,မျက်ရည်ယို,,,,,,,,,,,,,,
ဓာတ်မတည့်ရောဂါ,ဆက်တိုက် နှာချေ,တုန်ချမ်း,မျက်ရည်ယို,,,,,,,,,,,,,,
ဓာတ်မတည့်ရောဂါ,ဆက်တိုက် နှာချေ,တုန်ချမ်း,ချမ်းစိမ့်,,,,,,,,,,,,,,
အစာရေမျိုပြွန် အက်ဆစ်ပြန်တက်ရောဂါ,အစာအိမ်နာ,အက်ဆစ်ဓာတ်များ,လျှာတွင် အနာဖြစ်,အန်,ချောင်းဆိုး,ရင်ဘတ်နာ,,,,,,,,,,,
အစာရေမျိုပြွန် အက်ဆစ်ပြန်တက်ရောဂါ,အစာအိမ်နာ,လျှာတွင် အနာဖြစ်,အန်,ချောင်းဆိုး,ရင်ဘတ်နာ,,,,,,,,,,,,
အစာရေမျိုပြွန် အက်ဆစ်ပြန်တက်ရောဂါ,အစာအိမ်နာ,အက်ဆစ်ဓာတ်များ,အန်,ချောင်းဆိုး,ရင်ဘတ်နာ,,,,,,,,,,,,
အစာရေမျိုပြွန် အက်ဆစ်ပြန်တက်ရောဂါ,အစာအိမ်နာ,အက်ဆစ်ဓာတ်များ,လျှာတွင် အနာဖြစ်,ချောင်းဆိုး,ရင်ဘတ်နာ,,,,,,,,,,,,
အစာရေမျိုပြွန် အက်ဆစ်ပြန်တက်ရောဂါ,အစာအိမ်နာ,အက်ဆစ်ဓာတ်များ,လျှာတွင် အနာဖြစ်,အန်,ရင်ဘတ်နာ,,,,,,,,,,,,
အစာရေမျိုပြွန် အက်ဆစ်ပြန်တက်ရောဂါ,အစာအိမ်နာ,အက်ဆစ်ဓာတ်များ,လျှာတွင် အနာဖြစ်,အန်,ချောင်းဆိုး,,,,,,,,,,,,
အစာရေမျိုပြွန် အက်ဆစ်ပြန်တက်ရောဂါ,အက်ဆစ်ဓာတ်များ,လျှာတွင် အနာဖြစ်,အန်,ချောင်းဆိုး,ရင်ဘတ်နာ,,,,,,,,,,,,
နာတာရှည် သည်းခြေလမ်းကြောင်း ပိတ်ဆို့ရောဂါ,ယားယံ,အန်,အသားဝါ,ပျို့အန်ချင်,ခံတွင်းပျက်/အဆာမပြေ,ဗိုက်နာ,မျက်လုံးဝါ,,,,,,,,,,
နာတာရှည် သည်းခြေလမ်းကြောင်း ပိတ်ဆို့ရောဂါ,အန်,အသားဝါ,ပျို့အန်ချင်,ခံတွင်းပျက်/အဆာမပြေ,ဗိုက်နာ,မျက်လုံးဝါ,,,,,,,,,,,
နာတာရှည် သည်းခြေလမ်းကြောင်း ပိတ်ဆို့ရောဂါ,ယားယံ,အသားဝါ,ပျို့အန်ချင်,ခံတွင်းပျက်/အဆာမပြေ,ဗိုက်နာ,မျက်လုံးဝါ,,,,,,,,,,,
နာတာရှည် သည်းခြေလမ်းကြောင်း ပိတ်ဆို့ရောဂါ,ယားယံ,အန်,ပျို့အန်ချင်,ခံတွင်းပျက်/အဆာမပြေ,ဗိုက်နာ,မျက်လုံးဝါ,,,,,,,,,,,
နာတာရှည် သည်းခြေလမ်းကြောင်း ပိတ်ဆို့ရောဂါ,ယားယံ,အန်,အသားဝါ,ခံတွင်းပျက်/အဆာမပြေ,ဗိုက်နာ,မျက်လုံးဝါ,,,,,,,,,,,
နာတာရှည် သည်းခြေလမ်းကြောင်း ပိတ်ဆို့ရောဂါ,ယားယံ,အန်,အသားဝါ,ပျို့အန်ချင်,ဗိုက်နာ,မျက်လုံးဝါ,,,,,,,,,,,
နာတာရှည် သည်းခြေလမ်းကြောင်း ပိတ်ဆို့ရောဂါ,ယားယံ,အန်,အသားဝါ,ပျို့အန်ချင်,ခံတွင်းပျက်/အဆာမပြေ,မျက်လုံးဝါ,,,,,,,,,,,
နာတာရှည် သည်းခြေလမ်းကြောင်း ပိတ်ဆို့ရောဂါ,ယားယံ,အန်,အသားဝါ,ပျို့အန်ချင်,ခံတွင်းပျက်/အဆာမပြေ,ဗိုက်နာ,,,,,,,,,,,
ဆေးဝါး ဓာတ်မတည့်ရောဂါ,ယားယံ,အရေပြား အဖုအပိန့်ထ,အစာအိမ်နာ,ဆီးပူ/ဆီးအောင့်,ဆီး အစက်ချရုံသွား,,,,,,,,,,,,
ဆေးဝါး ဓာတ်မတည့်ရောဂါ,ယားယံ,အစာအိမ်နာ,ဆီးပူ/ဆီးအောင့်,ဆီး အစက်ချရုံသွား,,,,,,,,,,,,,
ဆေးဝါး ဓာတ်မတည့်ရောဂါ,ယားယံ,အရေပြား အဖုအပိန့်ထ,ဆီးပူ/ဆီးအောင့်,ဆီး အစက်ချရုံသွား,,,,,,,,,,,,,
ဆေးဝါး ဓာတ်မတည့်ရောဂါ,ယားယံ,အရေပြား အဖုအပိန့်ထ,အစာအိမ်နာ,ဆီး အစက်ချရုံသွား,,,,,,,,,,,,,
ဆေးဝါး ဓာတ်မတည့်ရောဂါ,ယားယံ,အရေပြား အဖုအပိန့်ထ,အစာအိမ်နာ,ဆီးပူ/ဆီးအောင့်,,,,,,,,,,,,,
ဆေးဝါး ဓာတ်မတည့်ရောဂါ,အရေပြား အဖုအပိန့်ထ,အစာအိမ်နာ,ဆီးပူ/ဆီးအောင့်,ဆီး အစက်ချရုံသွား,,,,,,,,,,,,,
အစာအိမ်နှင့် အူသိမ် အနာရောဂါ,အန်,ခံတွင်းပျက်/အဆာမပြေ,ဗိုက်နာ,လေပွ/လေလည်,အတွင်းပိုင်း ယားယံ,,,,,,,,,,,,
အစာအိမ်နှင့် အူသိမ် အနာရောဂါ,အန်,အစာမကြေ,ဗိုက်နာ,လေပွ/လေလည်,အတွင်းပိုင်း ယားယံ,,,,,,,,,,,,
အစာအိမ်နှင့် အူသိမ် အနာရောဂါ,အစာမကြေ,ခံတွင်းပျက်/အဆာမပြေ,ဗိုက်နာ,လေပွ/လေလည်,အတွင်းပိုင်း ယားယံ,,,,,,,,,,,,
အစာအိမ်နှင့် အူသိမ် အနာရောဂါ,အန်,အစာမကြေ,ခံတွင်းပျက်/အဆာမပြေ,လေပွ/လေလည်,အတွင်းပိုင်း ယားယံ,,,,,,,,,,,,
အစာအိမ်နှင့် အူသိမ် အနာရောဂါ,အန်,အစာမကြေ,ခံတွင်းပျက်/အဆာမပြေ,ဗိုက်နာ,အတွင်းပိုင်း ယားယံ,,,,,,,,,,,,
အစာအိမ်နှင့် အူသိမ် အနာရောဂါ,အန်,အစာမကြေ,ခံတွင်းပျက်/အဆာမပြေ,ဗိုက်နာ,လေပွ/လေလည်,,,,,,,,,,,,
အစာအိမ်နှင့် အူသိမ် အနာရောဂါ,အန်,အစာမကြေ,ခံတွင်းပျက်/အဆာမပြေ,ဗိုက်နာ,လေပွ/လေလည်,အတွင်းပိုင်း ယားယံ,,,,,,,,,,,
အေအိုင်ဒီအက်စ် ရောဂါ (AIDS),ကြွက်သားပိန်လှီ,လည်ချောင်းတွင် အကွက်များတွေ့,အဖျားကြီး,အိမ်ထောင်ပြင်ပ လိင်ဆက်ဆံမှုရှိ,,,,,,,,,,,,,
အေအိုင်ဒီအက်စ် ရောဂါ (AIDS),လည်ချောင်းတွင် အကွက်များတွေ့,အဖျားကြီး,အိမ်ထောင်ပြင်ပ လိင်ဆက်ဆံမှုရှိ,,,,,,,,,,,,,,
အေအိုင်ဒီအက်စ် ရောဂါ (AIDS),ကြွက်သားပိန်လှီ,အဖျားကြီး,အိမ်ထောင်ပြင်ပ လိင်ဆက်ဆံမှုရှိ,,,,,,,,,,,,,,
အေအိုင်ဒီအက်စ် ရောဂါ (AIDS),ကြွက်သားပိန်လှီ,လည်ချောင်းတွင် အကွက်များတွေ့,အိမ်ထောင်ပြင်ပ လိင်ဆက်ဆံမှုရှိ,,,,,,,,,,,,,,
အေအိုင်ဒီအက်စ် ရောဂါ (AIDS),ကြွက်သားပိန်လှီ,လည်ချောင်းတွင် အကွက်များတွေ့,အဖျားကြီး,,,,,,,,,,,,,,
ဆီးချိုရောဂါ,မောပန်းနွမ်းနယ်,ဝိတ်ကျ,ဂနာမငြိမ်ဖြစ်,အားအင်ကုန်ခန်း/နုံးခွေ,သွေးတွင်းသကြားဓာတ် မမှန်,အမြင်အာရုံ ဝေဝါး,အဆုတ်လွန် အဝလွန်,အလွန်အမင်း ဆာလောင်,အစာစားချင်စိတ် တိုးလာ,ဆီးမကြာခဏသွား,,,,,,,
ဆီးချိုရောဂါ,ဝိတ်ကျ,ဂနာမငြိမ်ဖြစ်,အားအင်ကုန်ခန်း/နုံးခွေ,သွေးတွင်းသကြားဓာတ် မမှန်,အမြင်အာရုံ ဝေဝါး,အဆုတ်လွန် အဝလွန်,အလွန်အမင်း ဆာလောင်,အစာစားချင်စိတ် တိုးလာ,ဆီးမကြာခဏသွား,,,,,,,,
ဆီးချိုရောဂါ,မောပန်းနွမ်းနယ်,ဂနာမငြိမ်ဖြစ်,အားအင်ကုန်ခန်း/နုံးခွေ,သွေးတွင်းသကြားဓာတ် မမှန်,အမြင်အာရုံ ဝေဝါး,အဆုတ်လွန် အဝလွန်,အလွန်အမင်း ဆာလောင်,အစာစားချင်စိတ် တိုးလာ,ဆီးမကြာခဏသွား,,,,,,,,
ဆီးချိုရောဂါ,မောပန်းနွမ်းနယ်,ဝိတ်ကျ,အားအင်ကုန်ခန်း/နုံးခွေ,သွေးတွင်းသကြားဓာတ် မမှန်,အမြင်အာရုံ ဝေဝါး,အဆုတ်လွန် အဝလွန်,အလွန်အမင်း ဆာလောင်,အစာစားချင်စိတ် တိုးလာ,ဆီးမကြာခဏသွား,,,,,,,,
ဆီးချိုရောဂါ,မောပန်းနွမ်းနယ်,ဝိတ်ကျ,ဂနာမငြိမ်ဖြစ်,သွေးတွင်းသကြားဓာတ် မမှန်,အမြင်အာရုံ ဝေဝါး,အဆုတ်လွန် အဝလွန်,အလွန်အမင်း ဆာလောင်,အစာစားချင်စိတ် တိုးလာ,ဆီးမကြာခဏသွား,,,,,,,,
ဆီးချိုရောဂါ,မောပန်းနွမ်းနယ်,ဝိတ်ကျ,ဂနာမငြိမ်ဖြစ်,အားအင်ကုန်ခန်း/နုံးခွေ,အမြင်အာရုံ ဝေဝါး,အဆုတ်လွန် အဝလွန်,အလွန်အမင်း ဆာလောင်,အစာစားချင်စိတ် တိုးလာ,ဆီးမကြာခဏသွား,,,,,,,,
ဆီးချိုရောဂါ,မောပန်းနွမ်းနယ်,ဝိတ်ကျ,ဂနာမငြိမ်ဖြစ်,အားအင်ကုန်ခန်း/နုံးခွေ,သွေးတွင်းသကြားဓာတ် မမှန်,အဆုတ်လွန် အဝလွန်,အလွန်အမင်း ဆာလောင်,အစာစားချင်စိတ် တိုးလာ,ဆီးမကြာခဏသွား,,,,,,,,
ဆီးချိုရောဂါ,မောပန်းနွမ်းနယ်,ဝိတ်ကျ,ဂနာမငြိမ်ဖြစ်,အားအင်ကုန်ခန်း/နုံးခွေ,သွေးတွင်းသကြားဓာတ် မမှန်,အမြင်အာရုံ ဝေဝါး,အလွန်အမင်း ဆာလောင်,အစာစားချင်စိတ် တိုးလာ,ဆီးမကြာခဏသွား,,,,,,,,
ဆီးချိုရောဂါ,မောပန်းနွမ်းနယ်,ဝိတ်ကျ,ဂနာမငြိမ်ဖြစ်,အားအင်ကုန်ခန်း/နုံးခွေ,သွေးတွင်းသကြားဓာတ် မမှန်,အမြင်အာရုံ ဝေဝါး,အဆုတ်လွန် အဝလွန်,အစာစားချင်စိတ် တိုးလာ,ဆီးမကြာခဏသွား,,,,,,,,
အစာအိမ်နှင့် အူလမ်းကြောင်း ရောင်ရမ်းရောဂါ,အန်,မျက်တွင်းဟောက်ပိုင်,ရေဓာတ်ခမ်းခြောက်,ဝမ်းလျှော,,,,,,,,,,,,,
အစာအိမ်နှင့် အူလမ်းကြောင်း ရောင်ရမ်းရောဂါ,မျက်တွင်းဟောက်ပိုင်,ရေဓာတ်ခမ်းခြောက်,ဝမ်းလျှော,,,,,,,,,,,,,,
အစာအိမ်နှင့် အူလမ်းကြောင်း ရောင်ရမ်းရောဂါ,အန်,ရေဓာတ်ခမ်းခြောက်,ဝမ်းလျှော,,,,,,,,,,,,,,
အစာအိမ်နှင့် အူလမ်းကြောင်း ရောင်ရမ်းရောဂါ,အန်,မျက်တွင်းဟောက်ပိုင်,ဝမ်းလျှော,,,,,,,,,,,,,,
အစာအိမ်နှင့် အူလမ်းကြောင်း ရောင်ရမ်းရောဂါ,အန်,မျက်တွင်းဟောက်ပိုင်,ရေဓာတ်ခမ်းခြောက်,,,,,,,,,,,,,,
ပန်းနာရင်ကြပ်ရောဂါ,မောပန်းနွမ်းနယ်,ချောင်းဆိုး,အဖျားကြီး,အသက်ရှူရခက်,မိသားစု ရောဂါရာဇဝင်ရှိ,ချွဲသလိပ်ပါ,,,,,,,,,,,
ပန်းနာရင်ကြပ်ရောဂါ,ချောင်းဆိုး,အဖျားကြီး,အသက်ရှူရခက်,မိသားစု ရောဂါရာဇဝင်ရှိ,ချွဲသလိပ်ပါ,,,,,,,,,,,,
ပန်းနာရင်ကြပ်ရောဂါ,မောပန်းနွမ်းနယ်,အဖျားကြီး,အသက်ရှူရခက်,မိသားစု ရောဂါရာဇဝင်ရှိ,ချွဲသလိပ်ပါ,,,,,,,,,,,,
ပန်းနာရင်ကြပ်ရောဂါ,မောပန်းနွမ်းနယ်,ချောင်းဆိုး,အသက်ရှူရခက်,မိသားစု ရောဂါရာဇဝင်ရှိ,ချွဲသလိပ်ပါ,,,,,,,,,,,,
ပန်းနာရင်ကြပ်ရောဂါ,မောပန်းနွမ်းနယ်,ချောင်းဆိုး,အဖျားကြီး,မိသားစု ရောဂါရာဇဝင်ရှိ,ချွဲသလိပ်ပါ,,,,,,,,,,,,
ပန်းနာရင်ကြပ်ရောဂါ,မောပန်းနွမ်းနယ်,ချောင်းဆိုး,အဖျားကြီး,အသက်ရှူရခက်,ချွဲသလိပ်ပါ,,,,,,,,,,,,
ပန်းနာရင်ကြပ်ရောဂါ,မောပန်းနွမ်းနယ်,ချောင်းဆိုး,အဖျားကြီး,အသက်ရှူရခက်,မိသားစု ရောဂါရာဇဝင်ရှိ,,,,,,,,,,,,
သွေးတိုးရောဂါ,ခေါင်းကိုက်,ရင်ဘတ်နာ,ခေါင်းမူး,ဟန်ချက်ပျက်,အာရုံစူးစိုက်မှုမရ,,,,,,,,,,,,
သွေးတိုးရောဂါ,ရင်ဘတ်နာ,ခေါင်းမူး,ဟန်ချက်ပျက်,အာရုံစူးစိုက်မှုမရ,,,,,,,,,,,,,
သွေးတိုးရောဂါ,ခေါင်းကိုက်,ခေါင်းမူး,ဟန်ချက်ပျက်,အာရုံစူးစိုက်မှုမရ,,,,,,,,,,,,,
သွေးတိုးရောဂါ,ခေါင်းကိုက်,ရင်ဘတ်နာ,ဟန်ချက်ပျက်,အာရုံစူးစိုက်မှုမရ,,,,,,,,,,,,,
သွေးတိုးရောဂါ,ခေါင်းကိုက်,ရင်ဘတ်နာ,ခေါင်းမူး,အာရုံစူးစိုက်မှုမရ,,,,,,,,,,,,,
သွေးတိုးရောဂါ,ခေါင်းကိုက်,ရင်ဘတ်နာ,ခေါင်းမူး,ဟန်ချက်ပျက်,,,,,,,,,,,,,
မိုင်ဂရိန်း ခေါင်းကိုက်ရောဂါ,အက်ဆစ်ဓာတ်များ,အစာမကြေ,ခေါင်းကိုက်,အမြင်အာရုံ ဝေဝါး,အလွန်အမင်း ဆာလောင်,ဇက်တောင့်,စိတ်ဓာတ်ကျ,စိတ်တိုလွယ်,အမြင်အာရုံ နှောင့်ယှက်မှုရှိ,,,,,,,,
မိုင်ဂရိန်း ခေါင်းကိုက်ရောဂါ,အစာမကြေ,ခေါင်းကိုက်,အမြင်အာရုံ ဝေဝါး,အလွန်အမင်း ဆာလောင်,ဇက်တောင့်,စိတ်ဓာတ်ကျ,စိတ်တိုလွယ်,အမြင်အာရုံ နှောင့်ယှက်မှုရှိ,,,,,,,,,
မိုင်ဂရိန်း ခေါင်းကိုက်ရောဂါ,အက်ဆစ်ဓာတ်များ,ခေါင်းကိုက်,အမြင်အာရုံ ဝေဝါး,အလွန်အမင်း ဆာလောင်,ဇက်တောင့်,စိတ်ဓာတ်ကျ,စိတ်တိုလွယ်,အမြင်အာရုံ နှောင့်ယှက်မှုရှိ,,,,,,,,,
မိုင်ဂရိန်း ခေါင်းကိုက်ရောဂါ,အက်ဆစ်ဓာတ်များ,အစာမကြေ,အမြင်အာရုံ ဝေဝါး,အလွန်အမင်း ဆာလောင်,ဇက်တောင့်,စိတ်ဓာတ်ကျ,စိတ်တိုလွယ်,အမြင်အာရုံ နှောင့်ယှက်မှုရှိ,,,,,,,,,
မိုင်ဂရိန်း ခေါင်းကိုက်ရောဂါ,အက်ဆစ်ဓာတ်များ,အစာမကြေ,ခေါင်းကိုက်,အလွန်အမင်း ဆာလောင်,ဇက်တောင့်,စိတ်ဓာတ်ကျ,စိတ်တိုလွယ်,အမြင်အာရုံ နှောင့်ယှက်မှုရှိ,,,,,,,,,
မိုင်ဂရိန်း ခေါင်းကိုက်ရောဂါ,အက်ဆစ်ဓာတ်များ,အစာမကြေ,ခေါင်းကိုက်,အမြင်အာရုံ ဝေဝါး,ဇက်တောင့်,စိတ်ဓာတ်ကျ,စိတ်တိုလွယ်,အမြင်အာရုံ နှောင့်ယှက်မှုရှိ,,,,,,,,,
မိုင်ဂရိန်း ခေါင်းကိုက်ရောဂါ,အက်ဆစ်ဓာတ်များ,အစာမကြေ,ခေါင်းကိုက်,အမြင်အာရုံ ဝေဝါး,အလွန်အမင်း ဆာလောင်,စိတ်ဓာတ်ကျ,စိတ်တိုလွယ်,အမြင်အာရုံ နှောင့်ယှက်မှုရှိ,,,,,,,,,
မိုင်ဂရိန်း ခေါင်းကိုက်ရောဂါ,အက်ဆစ်ဓာတ်များ,အစာမကြေ,ခေါင်းကိုက်,အမြင်အာရုံ ဝေဝါး,အလွန်အမင်း ဆာလောင်,ဇက်တောင့်,စိတ်တိုလွယ်,အမြင်အာရုံ နှောင့်ယှက်မှုရှိ,,,,,,,,,
မိုင်ဂရိန်း ခေါင်းကိုက်ရောဂါ,အက်ဆစ်ဓာတ်များ,အစာမကြေ,ခေါင်းကိုက်,အမြင်အာရုံ ဝေဝါး,အလွန်အမင်း ဆာလောင်,ဇက်တောင့်,စိတ်ဓာတ်ကျ,အမြင်အာရုံ နှောင့်ယှက်မှုရှိ,,,,,,,,,
မိုင်ဂရိန်း ခေါင်းကိုက်ရောဂါ,အက်ဆစ်ဓာတ်များ,အစာမကြေ,ခေါင်းကိုက်,အမြင်အာရုံ ဝေဝါး,အလွန်အမင်း ဆာလောင်,ဇက်တောင့်,စိတ်ဓာတ်ကျ,စိတ်တိုလွယ်,,,,,,,,,
ဇက်ဆစ် ကျောရိုးတက်ရောဂါ,ခါးနာ,ခြေလက် အားနည်း,ဇက်နာ,ခေါင်းမူး,ဟန်ချက်ပျက်,,,,,,,,,,,,
ဇက်ဆစ် ကျောရိုးတက်ရောဂါ,ခြေလက် အားနည်း,ဇက်နာ,ခေါင်းမူး,ဟန်ချက်ပျက်,,,,,,,,,,,,,
ဇက်ဆစ် ကျောရိုးတက်ရောဂါ,ခါးနာ,ဇက်နာ,ခေါင်းမူး,ဟန်ချက်ပျက်,,,,,,,,,,,,,
ဇက်ဆစ် ကျောရိုးတက်ရောဂါ,ခါးနာ,ခြေလက် အားနည်း,ခေါင်းမူး,ဟန်ချက်ပျက်,,,,,,,,,,,,,
ဇက်ဆစ် ကျောရိုးတက်ရောဂါ,ခါးနာ,ခြေလက် အားနည်း,ဇက်နာ,ဟန်ချက်ပျက်,,,,,,,,,,,,,
ဇက်ဆစ် ကျောရိုးတက်ရောဂါ,ခါးနာ,ခြေလက် အားနည်း,ဇက်နာ,ခေါင်းမူး,,,,,,,,,,,,,
ဦးနှောက်သွေးယို၍ လေဖြတ်ရောဂါ,အန်,ခေါင်းကိုက်,တစ်ခြမ်း အားနည်း,သတိအာရုံ ချို့ယွင်း,,,,,,,,,,,,,
ဦးနှောက်သွေးယို၍ လေဖြတ်ရောဂါ,ခေါင်းကိုက်,တစ်ခြမ်း အားနည်း,သတိအာရုံ ချို့ယွင်း,,,,,,,,,,,,,,
ဦးနှောက်သွေးယို၍ လေဖြတ်ရောဂါ,အန်,တစ်ခြမ်း အားနည်း,သတိအာရုံ ချို့ယွင်း,,,,,,,,,,,,,,
ဦးနှောက်သွေးယို၍ လေဖြတ်ရောဂါ,အန်,ခေါင်းကိုက်,သတိအာရုံ ချို့ယွင်း,,,,,,,,,,,,,,
ဦးနှောက်သွေးယို၍ လေဖြတ်ရောဂါ,အန်,ခေါင်းကိုက်,တစ်ခြမ်း အားနည်း,,,,,,,,,,,,,,
အသားဝါရောဂါ,ယားယံ,အန်,မောပန်းနွမ်းနယ်,ဝိတ်ကျ,အဖျားကြီး,အသားဝါ,ဆီးအရောင်ရင့်,ဗိုက်နာ,,,,,,,,,
အသားဝါရောဂါ,အန်,မောပန်းနွမ်းနယ်,ဝိတ်ကျ,အဖျားကြီး,အသားဝါ,ဆီးအရောင်ရင့်,ဗိုက်နာ,,,,,,,,,,
အသားဝါရောဂါ,ယားယံ,မောပန်းနွမ်းနယ်,ဝိတ်ကျ,အဖျားကြီး,အသားဝါ,ဆီးအရောင်ရင့်,ဗိုက်နာ,,,,,,,,,,
အသားဝါရောဂါ,ယားယံ,အန်,ဝိတ်ကျ,အဖျားကြီး,အသားဝါ,ဆီးအရောင်ရင့်,ဗိုက်နာ,,,,,,,,,,
အသားဝါရောဂါ,ယားယံ,အန်,မောပန်းနွမ်းနယ်,အဖျားကြီး,အသားဝါ,ဆီးအရောင်ရင့်,ဗိုက်နာ,,,,,,,,,,
အသားဝါရောဂါ,ယားယံ,အန်,မောပန်းနွမ်းနယ်,ဝိတ်ကျ,အသားဝါ,ဆီးအရောင်ရင့်,ဗိုက်နာ,,,,,,,,,,
အသားဝါရောဂါ,ယားယံ,အန်,မောပန်းနွမ်းနယ်,ဝိတ်ကျ,အဖျားကြီး,ဆီးအရောင်ရင့်,ဗိုက်နာ,,,,,,,,,,
အသားဝါရောဂါ,ယားယံ,အန်,မောပန်းနွမ်းနယ်,ဝိတ်ကျ,အဖျားကြီး,အသားဝါ,ဗိုက်နာ,,,,,,,,,,
အသားဝါရောဂါ,ယားယံ,အန်,မောပန်းနွမ်းနယ်,ဝိတ်ကျ,အဖျားကြီး,အသားဝါ,ဆီးအရောင်ရင့်,,,,,,,,,,
ငှက်ဖျားရောဂါ,ချမ်းစိမ့်,အန်,အဖျားကြီး,ချွေးထွက်လွန်,ခေါင်းကိုက်,ပျို့အန်ချင်,ကြွက်သားနာ,,,,,,,,,,
ငှက်ဖျားရောဂါ,ချမ်းစိမ့်,အန်,အဖျားကြီး,ချွေးထွက်လွန်,ခေါင်းကိုက်,ပျို့အန်ချင်,ဝမ်းလျှော,ကြွက်သားနာ,,,,,,,,,
ငှက်ဖျားရောဂါ,အန်,အဖျားကြီး,ချွေးထွက်လွန်,ခေါင်းကိုက်,ပျို့အန်ချင်,ဝမ်းလျှော,ကြွက်သားနာ,,,,,,,,,,
ငှက်ဖျားရောဂါ,ချမ်းစိမ့်,အဖျားကြီး,ချွေးထွက်လွန်,ခေါင်းကိုက်,ပျို့အန်ချင်,ဝမ်းလျှော,ကြွက်သားနာ,,,,,,,,,,
ငှက်ဖျားရောဂါ,ချမ်းစိမ့်,အန်,ချွေးထွက်လွန်,ခေါင်းကိုက်,ပျို့အန်ချင်,ဝမ်းလျှော,ကြွက်သားနာ,,,,,,,,,,
ငှက်ဖျားရောဂါ,ချမ်းစိမ့်,အန်,အဖျားကြီး,ခေါင်းကိုက်,ပျို့အန်ချင်,ဝမ်းလျှော,ကြွက်သားနာ,,,,,,,,,,
ငှက်ဖျားရောဂါ,ချမ်းစိမ့်,အန်,အဖျားကြီး,ချွေးထွက်လွန်,ပျို့အန်ချင်,ဝမ်းလျှော,ကြွက်သားနာ,,,,,,,,,,
ငှက်ဖျားရောဂါ,ချမ်းစိမ့်,အန်,အဖျားကြီး,ချွေးထွက်လွန်,ခေါင်းကိုက်,ဝမ်းလျှော,ကြွက်သားနာ,,,,,,,,,,
ရေကျောက်ရောဂါ,ယားယံ,အရေပြား အဖုအပိန့်ထ,မောပန်းနွမ်းနယ်,အားအင်ကုန်ခန်း/နုံးခွေ,အဖျားကြီး,ခေါင်းကိုက်,ခံတွင်းပျက်/အဆာမပြေ,အဖျားငွေ့ငွေ့ရှိ,ပြန်ရည်ကျင်းများ ရောင်,ကိုယ်လက်မအီမသာဖြစ်,ခန္ဓာကိုယ်ပေါ် အနီစက်များထ,,,,,,
ရေကျောက်ရောဂါ,အရေပြား အဖုအပိန့်ထ,မောပန်းနွမ်းနယ်,အားအင်ကုန်ခန်း/နုံးခွေ,အဖျားကြီး,ခေါင်းကိုက်,ခံတွင်းပျက်/အဆာမပြေ,အဖျားငွေ့ငွေ့ရှိ,ပြန်ရည်ကျင်းများ ရောင်,ကိုယ်လက်မအီမသာဖြစ်,ခန္ဓာကိုယ်ပေါ် အနီစက်များထ,,,,,,,
ရေကျောက်ရောဂါ,ယားယံ,မောပန်းနွမ်းနယ်,အားအင်ကုန်ခန်း/နုံးခွေ,အဖျားကြီး,ခေါင်းကိုက်,ခံတွင်းပျက်/အဆာမပြေ,အဖျားငွေ့ငွေ့ရှိ,ပြန်ရည်ကျင်းများ ရောင်,ကိုယ်လက်မအီမသာဖြစ်,ခန္ဓာကိုယ်ပေါ် အနီစက်များထ,,,,,,,
ရေကျောက်ရောဂါ,ယားယံ,အရေပြား အဖုအပိန့်ထ,အားအင်ကုန်ခန်း/နုံးခွေ,အဖျားကြီး,ခေါင်းကိုက်,ခံတွင်းပျက်/အဆာမပြေ,အဖျားငွေ့ငွေ့ရှိ,ပြန်ရည်ကျင်းများ ရောင်,ကိုယ်လက်မအီမသာဖြစ်,ခန္ဓာကိုယ်ပေါ် အနီစက်များထ,,,,,,,
ရေကျောက်ရောဂါ,ယားယံ,အရေပြား အဖုအပိန့်ထ,မောပန်းနွမ်းနယ်,အဖျားကြီး,ခေါင်းကိုက်,ခံတွင်းပျက်/အဆာမပြေ,အဖျားငွေ့ငွေ့ရှိ,ပြန်ရည်ကျင်းများ ရောင်,ကိုယ်လက်မအီမသာဖြစ်,ခန္ဓာကိုယ်ပေါ် အနီစက်များထ,,,,,,,
ရေကျောက်ရောဂါ,ယားယံ,အရေပြား အဖုအပိန့်ထ,မောပန်းနွမ်းနယ်,အားအင်ကုန်ခန်း/နုံးခွေ,ခေါင်းကိုက်,ခံတွင်းပျက်/အဆာမပြေ,အဖျားငွေ့ငွေ့ရှိ,ပြန်ရည်ကျင်းများ ရောင်,ကိုယ်လက်မအီမသာဖြစ်,ခန္ဓာကိုယ်ပေါ် အနီစက်များထ,,,,,,,
ရေကျောက်ရောဂါ,ယားယံ,အရေပြား အဖုအပိန့်ထ,မောပန်းနွမ်းနယ်,အားအင်ကုန်ခန်း/နုံးခွေ,အဖျားကြီး,ခံတွင်းပျက်/အဆာမပြေ,အဖျားငွေ့ငွေ့ရှိ,ပြန်ရည်ကျင်းများ ရောင်,ကိုယ်လက်မအီမသာဖြစ်,ခန္ဓာကိုယ်ပေါ် အနီစက်များထ,,,,,,,
ရေကျောက်ရောဂါ,ယားယံ,အရေပြား အဖုအပိန့်ထ,မောပန်းနွမ်းနယ်,အားအင်ကုန်ခန်း/နုံးခွေ,အဖျားကြီး,ခေါင်းကိုက်,အဖျားငွေ့ငွေ့ရှိ,ပြန်ရည်ကျင်းများ ရောင်,ကိုယ်လက်မအီမသာဖြစ်,ခန္ဓာကိုယ်ပေါ် အနီစက်များထ,,,,,,,
ရေကျောက်ရောဂါ,ယားယံ,အရေပြား အဖုအပိန့်ထ,မောပန်းနွမ်းနယ်,အားအင်ကုန်ခန်း/နုံးခွေ,အဖျားကြီး,ခေါင်းကိုက်,ခံတွင်းပျက်/အဆာမပြေ,ပြန်ရည်ကျင်းများ ရောင်,ကိုယ်လက်မအီမသာဖြစ်,ခန္ဓာကိုယ်ပေါ် အနီစက်များထ,,,,,,,
ရေကျောက်ရောဂါ,ယားယံ,အရေပြား အဖုအပိန့်ထ,မောပန်းနွမ်းနယ်,အားအင်ကုန်ခန်း/နုံးခွေ,အဖျားကြီး,ခေါင်းကိုက်,ခံတွင်းပျက်/အဆာမပြေ,အဖျားငွေ့ငွေ့ရှိ,ကိုယ်လက်မအီမသာဖြစ်,ခန္ဓာကိုယ်ပေါ် အနီစက်များထ,,,,,,,
သွေးလွန်တုပ်ကွေးရောဂါ,အရေပြား အဖုအပိန့်ထ,ချမ်းစိမ့်,အဆစ်အမြစ်နာ,အန်,မောပန်းနွမ်းနယ်,အဖျားကြီး,ခေါင်းကိုက်,ပျို့အန်ချင်,ခံတွင်းပျက်/အဆာမပြေ,မျက်လုံးအနောက်ဘက် ကိုက်ခဲ,ခါးနာ,ကြွက်သားနာ,ခန္ဓာကိုယ်ပေါ် အနီစက်များထ,,,,
သွေးလွန်တုပ်ကွေးရောဂါ,အရေပြား အဖုအပိန့်ထ,ချမ်းစိမ့်,အဆစ်အမြစ်နာ,အန်,မောပန်းနွမ်းနယ်,အဖျားကြီး,ခေါင်းကိုက်,ပျို့အန်ချင်,ခံတွင်းပျက်/အဆာမပြေ,မျက်လုံးအနောက်ဘက် ကိုက်ခဲ,ခါးနာ,ကိုယ်လက်မအီမသာဖြစ်,ခန္ဓာကိုယ်ပေါ် အနီစက်များထ,,,,
သွေးလွန်တုပ်ကွေးရောဂါ,အရေပြား အဖုအပိန့်ထ,ချမ်းစိမ့်,အဆစ်အမြစ်နာ,အန်,မောပန်းနွမ်းနယ်,အဖျားကြီး,ခေါင်းကိုက်,ပျို့အန်ချင်,ခံတွင်းပျက်/အဆာမပြေ,မျက်လုံးအနောက်ဘက် ကိုက်ခဲ,ခါးနာ,ကိုယ်လက်မအီမသာဖြစ်,ကြွက်သားနာ,,,,
သွေးလွန်တုပ်ကွေးရောဂါ,အရေပြား အဖုအပိန့်ထ,ချမ်းစိမ့်,အဆစ်အမြစ်နာ,အန်,မောပန်းနွမ်းနယ်,အဖျားကြီး,ခေါင်းကိုက်,ပျို့အန်ချင်,ခံတွင်းပျက်/အဆာမပြေ,မျက်လုံးအနောက်ဘက် ကိုက်ခဲ,ခါးနာ,ကိုယ်လက်မအီမသာဖြစ်,ကြွက်သားနာ,ခန္ဓာကိုယ်ပေါ် အနီစက်များထ,,,
သွေးလွန်တုပ်ကွေးရောဂါ,ချမ်းစိမ့်,အဆစ်အမြစ်နာ,အန်,မောပန်းနွမ်းနယ်,အဖျားကြီး,ခေါင်းကိုက်,ပျို့အန်ချင်,ခံတွင်းပျက်/အဆာမပြေ,မျက်လုံးအနောက်ဘက် ကိုက်ခဲ,ခါးနာ,ကိုယ်လက်မအီမသာဖြစ်,ကြွက်သားနာ,ခန္ဓာကိုယ်ပေါ် အနီစက်များထ,,,,
သွေးလွန်တုပ်ကွေးရောဂါ,အရေပြား အဖုအပိန့်ထ,အဆစ်အမြစ်နာ,အန်,မောပန်းနွမ်းနယ်,အဖျားကြီး,ခေါင်းကိုက်,ပျို့အန်ချင်,ခံတွင်းပျက်/အဆာမပြေ,မျက်လုံးအနောက်ဘက် ကိုက်ခဲ,ခါးနာ,ကိုယ်လက်မအီမသာဖြစ်,ကြွက်သားနာ,ခန္ဓာကိုယ်ပေါ် အနီစက်များထ,,,,
သွေးလွန်တုပ်ကွေးရောဂါ,အရေပြား အဖုအပိန့်ထ,ချမ်းစိမ့်,အန်,မောပန်းနွမ်းနယ်,အဖျားကြီး,ခေါင်းကိုက်,ပျို့အန်ချင်,ခံတွင်းပျက်/အဆာမပြေ,မျက်လုံးအနောက်ဘက် ကိုက်ခဲ,ခါးနာ,ကိုယ်လက်မအီမသာဖြစ်,ကြွက်သားနာ,ခန္ဓာကိုယ်ပေါ် အနီစက်များထ,,,,
သွေးလွန်တုပ်ကွေးရောဂါ,အရေပြား အဖုအပိန့်ထ,ချမ်းစိမ့်,အဆစ်အမြစ်နာ,မောပန်းနွမ်းနယ်,အဖျားကြီး,ခေါင်းကိုက်,ပျို့အန်ချင်,ခံတွင်းပျက်/အဆာမပြေ,မျက်လုံးအနောက်ဘက် ကိုက်ခဲ,ခါးနာ,ကိုယ်လက်မအီမသာဖြစ်,ကြွက်သားနာ,ခန္ဓာကိုယ်ပေါ် အနီစက်များထ,,,,
သွေးလွန်တုပ်ကွေးရောဂါ,အရေပြား အဖုအပိန့်ထ,ချမ်းစိမ့်,အဆစ်အမြစ်နာ,အန်,အဖျားကြီး,ခေါင်းကိုက်,ပျို့အန်ချင်,ခံတွင်းပျက်/အဆာမပြေ,မျက်လုံးအနောက်ဘက် ကိုက်ခဲ,ခါးနာ,ကိုယ်လက်မအီမသာဖြစ်,ကြွက်သားနာ,ခန္ဓာကိုယ်ပေါ် အနီစက်များထ,,,,
သွေးလွန်တုပ်ကွေးရောဂါ,အရေပြား အဖုအပိန့်ထ,ချမ်းစိမ့်,အဆစ်အမြစ်နာ,အန်,မောပန်းနွမ်းနယ်,ခေါင်းကိုက်,ပျို့အန်ချင်,ခံတွင်းပျက်/အဆာမပြေ,မျက်လုံးအနောက်ဘက် ကိုက်ခဲ,ခါးနာ,ကိုယ်လက်မအီမသာဖြစ်,ကြွက်သားနာ,ခန္ဓာကိုယ်ပေါ် အနီစက်များထ,,,,
တိုင်ဖွိုက် အဖျားရောဂါ,ချမ်းစိမ့်,အန်,မောပန်းနွမ်းနယ်,အဖျားကြီး,ပျို့အန်ချင်,ဝမ်းချုပ်,ဗိုက်နာ,ဝမ်းလျှော,မှိုင်တွေနုံးခွေ (Typhoid ရောဂါလက္ခဏာ),ဝမ်းဗိုက်နာ,,,,,,,
တိုင်ဖွိုက် အဖျားရောဂါ,ချမ်းစိမ့်,အန်,မောပန်းနွမ်းနယ်,အဖျားကြီး,ခေါင်းကိုက်,ဝမ်းချုပ်,ဗိုက်နာ,ဝမ်းလျှော,မှိုင်တွေနုံးခွေ (Typhoid ရောဂါလက္ခဏာ),ဝမ်းဗိုက်နာ,,,,,,,
တိုင်ဖွိုက် အဖျားရောဂါ,ချမ်းစိမ့်,အန်,မောပန်းနွမ်းနယ်,အဖျားကြီး,ခေါင်းကိုက်,ပျို့အန်ချင်,ဗိုက်နာ,ဝမ်းလျှော,မှိုင်တွေနုံးခွေ (Typhoid ရောဂါလက္ခဏာ),ဝမ်းဗိုက်နာ,,,,,,,
တိုင်ဖွိုက် အဖျားရောဂါ,ချမ်းစိမ့်,အန်,မောပန်းနွမ်းနယ်,အဖျားကြီး,ခေါင်းကိုက်,ပျို့အန်ချင်,ဝမ်းချုပ်,ဝမ်းလျှော,မှိုင်တွေနုံးခွေ (Typhoid ရောဂါလက္ခဏာ),ဝမ်းဗိုက်နာ,,,,,,,
တိုင်ဖွိုက် အဖျားရောဂါ,ချမ်းစိမ့်,အန်,မောပန်းနွမ်းနယ်,အဖျားကြီး,ခေါင်းကိုက်,ပျို့အန်ချင်,ဝမ်းချုပ်,ဗိုက်နာ,မှိုင်တွေနုံးခွေ (Typhoid ရောဂါလက္ခဏာ),ဝမ်းဗိုက်နာ,,,,,,,
တိုင်ဖွိုက် အဖျားရောဂါ,ချမ်းစိမ့်,အန်,မောပန်းနွမ်းနယ်,အဖျားကြီး,ခေါင်းကိုက်,ပျို့အန်ချင်,ဝမ်းချုပ်,ဗိုက်နာ,ဝမ်းလျှော,ဝမ်းဗိုက်နာ,,,,,,,
တိုင်ဖွိုက် အဖျားရောဂါ,ချမ်းစိမ့်,အန်,မောပန်းနွမ်းနယ်,အဖျားကြီး,ခေါင်းကိုက်,ပျို့အန်ချင်,ဝမ်းချုပ်,ဗိုက်နာ,ဝမ်းလျှော,မှိုင်တွေနုံးခွေ (Typhoid ရောဂါလက္ခဏာ),,,,,,,
တိုင်ဖွိုက် အဖျားရောဂါ,ချမ်းစိမ့်,အန်,မောပန်းနွမ်းနယ်,အဖျားကြီး,ခေါင်းကိုက်,ပျို့အန်ချင်,ဝမ်းချုပ်,ဗိုက်နာ,ဝမ်းလျှော,မှိုင်တွေနုံးခွေ (Typhoid ရောဂါလက္ခဏာ),ဝမ်းဗိုက်နာ,,,,,,
တိုင်ဖွိုက် အဖျားရောဂါ,ချမ်းစိမ့်,မောပန်းနွမ်းနယ်,အဖျားကြီး,ခေါင်းကိုက်,ပျို့အန်ချင်,ဝမ်းချုပ်,ဗိုက်နာ,ဝမ်းလျှော,မှိုင်တွေနုံးခွေ (Typhoid ရောဂါလက္ခဏာ),ဝမ်းဗိုက်နာ,,,,,,,
အသည်းရောင် အသားဝါ (အေ) ရောဂါ,အဆစ်အမြစ်နာ,အန်,အသားဝါ,ဆီးအရောင်ရင့်,ပျို့အန်ချင်,ခံတွင်းပျက်/အဆာမပြေ,ဗိုက်နာ,ဝမ်းလျှော,အဖျားငွေ့ငွေ့ရှိ,မျက်လုံးဝါ,ကြွက်သားနာ,,,,,,
အသည်းရောင် အသားဝါ (အေ) ရောဂါ,အန်,အသားဝါ,ဆီးအရောင်ရင့်,ပျို့အန်ချင်,ခံတွင်းပျက်/အဆာမပြေ,ဗိုက်နာ,ဝမ်းလျှော,အဖျားငွေ့ငွေ့ရှိ,မျက်လုံးဝါ,ကြွက်သားနာ,,,,,,,
အသည်းရောင် အသားဝါ (အေ) ရောဂါ,အဆစ်အမြစ်နာ,အသားဝါ,ဆီးအရောင်ရင့်,ပျို့အန်ချင်,ခံတွင်းပျက်/အဆာမပြေ,ဗိုက်နာ,ဝမ်းလျှော,အဖျားငွေ့ငွေ့ရှိ,မျက်လုံးဝါ,ကြွက်သားနာ,,,,,,,
အသည်းရောင် အသားဝါ (အေ) ရောဂါ,အဆစ်အမြစ်နာ,အန်,ဆီးအရောင်ရင့်,ပျို့အန်ချင်,ခံတွင်းပျက်/အဆာမပြေ,ဗိုက်နာ,ဝမ်းလျှော,အဖျားငွေ့ငွေ့ရှိ,မျက်လုံးဝါ,ကြွက်သားနာ,,,,,,,
အသည်းရောင် အသားဝါ (အေ) ရောဂါ,အဆစ်အမြစ်နာ,အန်,အသားဝါ,ပျို့အန်ချင်,ခံတွင်းပျက်/အဆာမပြေ,ဗိုက်နာ,ဝမ်းလျှော,အဖျားငွေ့ငွေ့ရှိ,မျက်လုံးဝါ,ကြွက်သားနာ,,,,,,,
အသည်းရောင် အသားဝါ (အေ) ရောဂါ,အဆစ်အမြစ်နာ,အန်,အသားဝါ,ဆီးအရောင်ရင့်,ခံတွင်းပျက်/အဆာမပြေ,ဗိုက်နာ,ဝမ်းလျှော,အဖျားငွေ့ငွေ့ရှိ,မျက်လုံးဝါ,ကြွက်သားနာ,,,,,,,
အသည်းရောင် အသားဝါ (အေ) ရောဂါ,အဆစ်အမြစ်နာ,အန်,အသားဝါ,ဆီးအရောင်ရင့်,ပျို့အန်ချင်,ဗိုက်နာ,ဝမ်းလျှော,အဖျားငွေ့ငွေ့ရှိ,မျက်လုံးဝါ,ကြွက်သားနာ,,,,,,,
အသည်းရောင် အသားဝါ (အေ) ရောဂါ,အဆစ်အမြစ်နာ,အန်,အသားဝါ,ဆီးအရောင်ရင့်,ပျို့အန်ချင်,ခံတွင်းပျက်/အဆာမပြေ,ဝမ်းလျှော,အဖျားငွေ့ငွေ့ရှိ,မျက်လုံးဝါ,ကြွက်သားနာ,,,,,,,
အသည်းရောင် အသားဝါ (အေ) ရောဂါ,အဆစ်အမြစ်နာ,အန်,အသားဝါ,ဆီးအရောင်ရင့်,ပျို့အန်ချင်,ခံတွင်းပျက်/အဆာမပြေ,ဗိုက်နာ,အဖျားငွေ့ငွေ့ရှိ,မျက်လုံးဝါ,ကြွက်သားနာ,,,,,,,
အသည်းရောင် အသားဝါ (ဘီ) ရောဂါ,ယားယံ,မောပန်းနွမ်းနယ်,အားအင်ကုန်ခန်း/နုံးခွေ,အသားဝါ,ဆီးအရောင်ရင့်,ခံတွင်းပျက်/အဆာမပြေ,ဗိုက်နာ,ဆီးဝါ,မျက်လုံးဝါ,ကိုယ်လက်မအီမသာဖြစ်,သွေးသွင်းဖူးသည့် ရာဇဝင်ရှိ,မသန့်ရှင်းသော ဆေးထိုးအပ်အသုံးပြုဖူး,,,,,
အသည်းရောင် အသားဝါ (ဘီ) ရောဂါ,မောပန်းနွမ်းနယ်,အားအင်ကုန်ခန်း/နုံးခွေ,အသားဝါ,ဆီးအရောင်ရင့်,ခံတွင်းပျက်/အဆာမပြေ,ဗိုက်နာ,ဆီးဝါ,မျက်လုံးဝါ,ကိုယ်လက်မအီမသာဖြစ်,သွေးသွင်းဖူးသည့် ရာဇဝင်ရှိ,မသန့်ရှင်းသော ဆေးထိုးအပ်အသုံးပြုဖူး,,,,,,
အသည်းရောင် အသားဝါ (ဘီ) ရောဂါ,ယားယံ,အားအင်ကုန်ခန်း/နုံးခွေ,အသားဝါ,ဆီးအရောင်ရင့်,ခံတွင်းပျက်/အဆာမပြေ,ဗိုက်နာ,ဆီးဝါ,မျက်လုံးဝါ,ကိုယ်လက်မအီမသာဖြစ်,သွေးသွင်းဖူးသည့် ရာဇဝင်ရှိ,မသန့်ရှင်းသော ဆေးထိုးအပ်အသုံးပြုဖူး,,,,,,
အသည်းရောင် အသားဝါ (ဘီ) ရောဂါ,ယားယံ,မောပန်းနွမ်းနယ်,အသားဝါ,ဆီးအရောင်ရင့်,ခံတွင်းပျက်/အဆာမပြေ,ဗိုက်နာ,ဆီးဝါ,မျက်လုံးဝါ,ကိုယ်လက်မအီမသာဖြစ်,သွေးသွင်းဖူးသည့် ရာဇဝင်ရှိ,မသန့်ရှင်းသော ဆေးထိုးအပ်အသုံးပြုဖူး,,,,,,
အသည်းရောင် အသားဝါ (ဘီ) ရောဂါ,ယားယံ,မောပန်းနွမ်းနယ်,အားအင်ကုန်ခန်း/နုံးခွေ,ဆီးအရောင်ရင့်,ခံတွင်းပျက်/အဆာမပြေ,ဗိုက်နာ,ဆီးဝါ,မျက်လုံးဝါ,ကိုယ်လက်မအီမသာဖြစ်,သွေးသွင်းဖူးသည့် ရာဇဝင်ရှိ,မသန့်ရှင်းသော ဆေးထိုးအပ်အသုံးပြုဖူး,,,,,,
အသည်းရောင် အသားဝါ (ဘီ) ရောဂါ,ယားယံ,မောပန်းနွမ်းနယ်,အားအင်ကုန်ခန်း/နုံးခွေ,အသားဝါ,ခံတွင်းပျက်/အဆာမပြေ,ဗိုက်နာ,ဆီးဝါ,မျက်လုံးဝါ,ကိုယ်လက်မအီမသာဖြစ်,သွေးသွင်းဖူးသည့် ရာဇဝင်ရှိ,မသန့်ရှင်းသော ဆေးထိုးအပ်အသုံးပြုဖူး,,,,,,
အသည်းရောင် အသားဝါ (ဘီ) ရောဂါ,ယားယံ,မောပန်းနွမ်းနယ်,အားအင်ကုန်ခန်း/နုံးခွေ,အသားဝါ,ဆီးအရောင်ရင့်,ဗိုက်နာ,ဆီးဝါ,မျက်လုံးဝါ,ကိုယ်လက်မအီမသာဖြစ်,သွေးသွင်းဖူးသည့် ရာဇဝင်ရှိ,မသန့်ရှင်းသော ဆေးထိုးအပ်အသုံးပြုဖူး,,,,,,
အသည်းရောင် အသားဝါ (ဘီ) ရောဂါ,ယားယံ,မောပန်းနွမ်းနယ်,အားအင်ကုန်ခန်း/နုံးခွေ,အသားဝါ,ဆီးအရောင်ရင့်,ခံတွင်းပျက်/အဆာမပြေ,ဆီးဝါ,မျက်လုံးဝါ,ကိုယ်လက်မအီမသာဖြစ်,သွေးသွင်းဖူးသည့် ရာဇဝင်ရှိ,မသန့်ရှင်းသော ဆေးထိုးအပ်အသုံးပြုဖူး,,,,,,
အသည်းရောင် အသားဝါ (ဘီ) ရောဂါ,ယားယံ,မောပန်းနွမ်းနယ်,အားအင်ကုန်ခန်း/နုံးခွေ,အသားဝါ,ဆီးအရောင်ရင့်,ခံတွင်းပျက်/အဆာမပြေ,ဗိုက်နာ,မျက်လုံးဝါ,ကိုယ်လက်မအီမသာဖြစ်,သွေးသွင်းဖူးသည့် ရာဇဝင်ရှိ,မသန့်ရှင်းသော ဆေးထိုးအပ်အသုံးပြုဖူး,,,,,,
အသည်းရောင် အသားဝါ (စီ) ရောဂါ,မောပန်းနွမ်းနယ်,အသားဝါ,ပျို့အန်ချင်,ခံတွင်းပျက်/အဆာမပြေ,မိသားစု ရောဂါရာဇဝင်ရှိ,,,,,,,,,,,,
အသည်းရောင် အသားဝါ (စီ) ရောဂါ,မောပန်းနွမ်းနယ်,အသားဝါ,ပျို့အန်ချင်,ခံတွင်းပျက်/အဆာမပြေ,မျက်လုံးဝါ,မိသားစု ရောဂါရာဇဝင်ရှိ,,,,,,,,,,,
အသည်းရောင် အသားဝါ (စီ) ရောဂါ,အသားဝါ,ပျို့အန်ချင်,ခံတွင်းပျက်/အဆာမပြေ,မျက်လုံးဝါ,မိသားစု ရောဂါရာဇဝင်ရှိ,,,,,,,,,,,,
အသည်းရောင် အသားဝါ (စီ) ရောဂါ,မောပန်းနွမ်းနယ်,ပျို့အန်ချင်,ခံတွင်းပျက်/အဆာမပြေ,မျက်လုံးဝါ,မိသားစု ရောဂါရာဇဝင်ရှိ,,,,,,,,,,,,
အသည်းရောင် အသားဝါ (စီ) ရောဂါ,မောပန်းနွမ်းနယ်,အသားဝါ,ခံတွင်းပျက်/အဆာမပြေ,မျက်လုံးဝါ,မိသားစု ရောဂါရာဇဝင်ရှိ,,,,,,,,,,,,
အသည်းရောင် အသားဝါ (စီ) ရောဂါ,မောပန်းနွမ်းနယ်,အသားဝါ,ပျို့အန်ချင်,မျက်လုံးဝါ,မိသားစု ရောဂါရာဇဝင်ရှိ,,,,,,,,,,,,
အသည်းရောင် အသားဝါ (စီ) ရောဂါ,မောပန်းနွမ်းနယ်,အသားဝါ,ပျို့အန်ချင်,ခံတွင်းပျက်/အဆာမပြေ,မျက်လုံးဝါ,,,,,,,,,,,,
အသည်းရောင် အသားဝါ (ဒီ) ရောဂါ,အဆစ်အမြစ်နာ,အန်,မောပန်းနွမ်းနယ်,အသားဝါ,ဆီးအရောင်ရင့်,ပျို့အန်ချင်,ခံတွင်းပျက်/အဆာမပြေ,ဗိုက်နာ,မျက်လုံးဝါ,,,,,,,,
အသည်းရောင် အသားဝါ (ဒီ) ရောဂါ,အန်,မောပန်းနွမ်းနယ်,အသားဝါ,ဆီးအရောင်ရင့်,ပျို့အန်ချင်,ခံတွင်းပျက်/အဆာမပြေ,ဗိုက်နာ,မျက်လုံးဝါ,,,,,,,,,
အသည်းရောင် အသားဝါ (ဒီ) ရောဂါ,အဆစ်အမြစ်နာ,မောပန်းနွမ်းနယ်,အသားဝါ,ဆီးအရောင်ရင့်,ပျို့အန်ချင်,ခံတွင်းပျက်/အဆာမပြေ,ဗိုက်နာ,မျက်လုံးဝါ,,,,,,,,,
အသည်းရောင် အသားဝါ (ဒီ) ရောဂါ,အဆစ်အမြစ်နာ,အန်,အသားဝါ,ဆီးအရောင်ရင့်,ပျို့အန်ချင်,ခံတွင်းပျက်/အဆာမပြေ,ဗိုက်နာ,မျက်လုံးဝါ,,,,,,,,,
အသည်းရောင် အသားဝါ (ဒီ) ရောဂါ,အဆစ်အမြစ်နာ,အန်,မောပန်းနွမ်းနယ်,ဆီးအရောင်ရင့်,ပျို့အန်ချင်,ခံတွင်းပျက်/အဆာမပြေ,ဗိုက်နာ,မျက်လုံးဝါ,,,,,,,,,
အသည်းရောင် အသားဝါ (ဒီ) ရောဂါ,အဆစ်အမြစ်နာ,အန်,မောပန်းနွမ်းနယ်,အသားဝါ,ပျို့အန်ချင်,ခံတွင်းပျက်/အဆာမပြေ,ဗိုက်နာ,မျက်လုံးဝါ,,,,,,,,,
အသည်းရောင် အသားဝါ (ဒီ) ရောဂါ,အဆစ်အမြစ်နာ,အန်,မောပန်းနွမ်းနယ်,အသားဝါ,ဆီးအရောင်ရင့်,ခံတွင်းပျက်/အဆာမပြေ,ဗိုက်နာ,မျက်လုံးဝါ,,,,,,,,,
အသည်းရောင် အသားဝါ (ဒီ) ရောဂါ,အဆစ်အမြစ်နာ,အန်,မောပန်းနွမ်းနယ်,အသားဝါ,ဆီးအရောင်ရင့်,ပျို့အန်ချင်,ဗိုက်နာ,မျက်လုံးဝါ,,,,,,,,,
အသည်းရောင် အသားဝါ (ဒီ) ရောဂါ,အဆစ်အမြစ်နာ,အန်,မောပန်းနွမ်းနယ်,အသားဝါ,ဆီးအရောင်ရင့်,ပျို့အန်ချင်,ခံတွင်းပျက်/အဆာမပြေ,မျက်လုံးဝါ,,,,,,,,,
အသည်းရောင် အသားဝါ (ဒီ) ရောဂါ,အဆစ်အမြစ်နာ,အန်,မောပန်းနွမ်းနယ်,အသားဝါ,ဆီးအရောင်ရင့်,ပျို့အန်ချင်,ခံတွင်းပျက်/အဆာမပြေ,ဗိုက်နာ,,,,,,,,,
အသည်းရောင် အသားဝါ (အီး) ရောဂါ,အဆစ်အမြစ်နာ,အန်,မောပန်းနွမ်းနယ်,အဖျားကြီး,အသားဝါ,ဆီးအရောင်ရင့်,ပျို့အန်ချင်,ခံတွင်းပျက်/အဆာမပြေ,ဗိုက်နာ,မျက်လုံးဝါ,သတိလစ်မေ့မြော,အစာအိမ် သွေးယို,,,,,
အသည်းရောင် အသားဝါ (အီး) ရောဂါ,အဆစ်အမြစ်နာ,အန်,မောပန်းနွမ်းနယ်,အဖျားကြီး,အသားဝါ,ဆီးအရောင်ရင့်,ပျို့အန်ချင်,ခံတွင်းပျက်/အဆာမပြေ,ဗိုက်နာ,မျက်လုံးဝါ,ရုတ်တရက် အသည်းလုပ်ဆောင်ချက်ပျက်စီး,သတိလစ်မေ့မြော,အစာအိမ် သွေးယို,,,,
အသည်းရောင် အသားဝါ (အီး) ရောဂါ,အန်,မောပန်းနွမ်းနယ်,အဖျားကြီး,အသားဝါ,ဆီးအရောင်ရင့်,ပျို့အန်ချင်,ခံတွင်းပျက်/အဆာမပြေ,ဗိုက်နာ,မျက်လုံးဝါ,ရုတ်တရက် အသည်းလုပ်ဆောင်ချက်ပျက်စီး,သတိလစ်မေ့မြော,အစာအိမ် သွေးယို,,,,,
အသည်းရောင် အသားဝါ (အီး) ရောဂါ,အဆစ်အမြစ်နာ,မောပန်းနွမ်းနယ်,အဖျားကြီး,အသားဝါ,ဆီးအရောင်ရင့်,ပျို့အန်ချင်,ခံတွင်းပျက်/အဆာမပြေ,ဗိုက်နာ,မျက်လုံးဝါ,ရုတ်တရက် အသည်းလုပ်ဆောင်ချက်ပျက်စီး,သတိလစ်မေ့မြော,အစာအိမ် သွေးယို,,,,,
အသည်းရောင် အသားဝါ (အီး) ရောဂါ,အဆစ်အမြစ်နာ,အန်,အဖျားကြီး,အသားဝါ,ဆီးအရောင်ရင့်,ပျို့အန်ချင်,ခံတွင်းပျက်/အဆာမပြေ,ဗိုက်နာ,မျက်လုံးဝါ,ရုတ်တရက် အသည်းလုပ်ဆောင်ချက်ပျက်စီး,သတိလစ်မေ့မြော,အစာအိမ် သွေးယို,,,,,
အသည်းရောင် အသားဝါ (အီး) ရောဂါ,အဆစ်အမြစ်နာ,အန်,မောပန်းနွမ်းနယ်,အသားဝါ,ဆီးအရောင်ရင့်,ပျို့အန်ချင်,ခံတွင်းပျက်/အဆာမပြေ,ဗိုက်နာ,မျက်လုံးဝါ,ရုတ်တရက် အသည်းလုပ်ဆောင်ချက်ပျက်စီး,သတိလစ်မေ့မြော,အစာအိမ် သွေးယို,,,,,
အသည်းရောင် အသားဝါ (အီး) ရောဂါ,အဆစ်အမြစ်နာ,အန်,မောပန်းနွမ်းနယ်,အဖျားကြီး,ဆီးအရောင်ရင့်,ပျို့အန်ချင်,ခံတွင်းပျက်/အဆာမပြေ,ဗိုက်နာ,မျက်လုံးဝါ,ရုတ်တရက် အသည်းလုပ်ဆောင်ချက်ပျက်စီး,သတိလစ်မေ့မြော,အစာအိမ် သွေးယို,,,,,
အသည်းရောင် အသားဝါ (အီး) ရောဂါ,အဆစ်အမြစ်နာ,အန်,မောပန်းနွမ်းနယ်,အဖျားကြီး,အသားဝါ,ပျို့အန်ချင်,ခံတွင်းပျက်/အဆာမပြေ,ဗိုက်နာ,မျက်လုံးဝါ,ရုတ်တရက် အသည်းလုပ်ဆောင်ချက်ပျက်စီး,သတိလစ်မေ့မြော,အစာအိမ် သွေးယို,,,,,
အသည်းရောင် အသားဝါ (အီး) ရောဂါ,အဆစ်အမြစ်နာ,အန်,မောပန်းနွမ်းနယ်,အဖျားကြီး,အသားဝါ,ဆီးအရောင်ရင့်,ခံတွင်းပျက်/အဆာမပြေ,ဗိုက်နာ,မျက်လုံးဝါ,ရုတ်တရက် အသည်းလုပ်ဆောင်ချက်ပျက်စီး,သတိလစ်မေ့မြော,အစာအိမ် သွေးယို,,,,,
အရက်ကြောင့် အသည်းရောင်ရောဂါ,အန်,အသားဝါ,ဗိုက်နာ,အစာအိမ် ရောင်,ဗိုက်ဖောင်းပွ,အရက်သောက်သုံးသည့် ရာဇဝင်ရှိ,ခန္ဓာကိုယ်တွင် ရေဓာတ်များလွန်,,,,,,,,,,
အရက်ကြောင့် အသည်းရောင်ရောဂါ,အသားဝါ,ဗိုက်နာ,အစာအိမ် ရောင်,ဗိုက်ဖောင်းပွ,အရက်သောက်သုံးသည့် ရာဇဝင်ရှိ,ခန္ဓာကိုယ်တွင် ရေဓာတ်များလွန်,,,,,,,,,,,
အရက်ကြောင့် အသည်းရောင်ရောဂါ,အန်,ဗိုက်နာ,အစာအိမ် ရောင်,ဗိုက်ဖောင်းပွ,အရက်သောက်သုံးသည့် ရာဇဝင်ရှိ,ခန္ဓာကိုယ်တွင် ရေဓာတ်များလွန်,,,,,,,,,,,
အရက်ကြောင့် အသည်းရောင်ရောဂါ,အန်,အသားဝါ,အစာအိမ် ရောင်,ဗိုက်ဖောင်းပွ,အရက်သောက်သုံးသည့် ရာဇဝင်ရှိ,ခန္ဓာကိုယ်တွင် ရေဓာတ်များလွန်,,,,,,,,,,,
အရက်ကြောင့် အသည်းရောင်ရောဂါ,အန်,အသားဝါ,ဗိုက်နာ,ဗိုက်ဖောင်းပွ,အရက်သောက်သုံးသည့် ရာဇဝင်ရှိ,ခန္ဓာကိုယ်တွင် ရေဓာတ်များလွန်,,,,,,,,,,,
အရက်ကြောင့် အသည်းရောင်ရောဂါ,အန်,အသားဝါ,ဗိုက်နာ,အစာအိမ် ရောင်,အရက်သောက်သုံးသည့် ရာဇဝင်ရှိ,ခန္ဓာကိုယ်တွင် ရေဓာတ်များလွန်,,,,,,,,,,,
အရက်ကြောင့် အသည်းရောင်ရောဂါ,အန်,အသားဝါ,ဗိုက်နာ,အစာအိမ် ရောင်,ဗိုက်ဖောင်းပွ,ခန္ဓာကိုယ်တွင် ရေဓာတ်များလွန်,,,,,,,,,,,
အရက်ကြောင့် အသည်းရောင်ရောဂါ,အန်,အသားဝါ,ဗိုက်နာ,အစာအိမ် ရောင်,ဗိုက်ဖောင်းပွ,အရက်သောက်သုံးသည့် ရာဇဝင်ရှိ,,,,,,,,,,,
တီဘီရောဂါ,ချမ်းစိမ့်,အန်,မောပန်းနွမ်းနယ်,ဝိတ်ကျ,ချောင်းဆိုး,အဖျားကြီး,အသက်ရှူရခက်,ချွေးထွက်လွန်,ခံတွင်းပျက်/အဆာမပြေ,အဖျားငွေ့ငွေ့ရှိ,မျက်လုံးဝါ,ပြန်ရည်ကျင်းများ ရောင်,ကိုယ်လက်မအီမသာဖြစ်,သလိပ်ထ,ရင်ဘတ်နာ,သလိပ်တွင် သွေးပါ,
တီဘီရောဂါ,အန်,မောပန်းနွမ်းနယ်,ဝိတ်ကျ,ချောင်းဆိုး,အဖျားကြီး,အသက်ရှူရခက်,ချွေးထွက်လွန်,ခံတွင်းပျက်/အဆာမပြေ,အဖျားငွေ့ငွေ့ရှိ,မျက်လုံးဝါ,ပြန်ရည်ကျင်းများ ရောင်,ကိုယ်လက်မအီမသာဖြစ်,သလိပ်ထ,ရင်ဘတ်နာ,သလိပ်တွင် သွေးပါ,,
တီဘီရောဂါ,ချမ်းစိမ့်,မောပန်းနွမ်းနယ်,ဝိတ်ကျ,ချောင်းဆိုး,အဖျားကြီး,အသက်ရှူရခက်,ချွေးထွက်လွန်,ခံတွင်းပျက်/အဆာမပြေ,အဖျားငွေ့ငွေ့ရှိ,မျက်လုံးဝါ,ပြန်ရည်ကျင်းများ ရောင်,ကိုယ်လက်မအီမသာဖြစ်,သလိပ်ထ,ရင်ဘတ်နာ,သလိပ်တွင် သွေးပါ,,
တီဘီရောဂါ,ချမ်းစိမ့်,အန်,ဝိတ်ကျ,ချောင်းဆိုး,အဖျားကြီး,အသက်ရှူရခက်,ချွေးထွက်လွန်,ခံတွင်းပျက်/အဆာမပြေ,အဖျားငွေ့ငွေ့ရှိ,မျက်လုံးဝါ,ပြန်ရည်ကျင်းများ ရောင်,ကိုယ်လက်မအီမသာဖြစ်,သလိပ်ထ,ရင်ဘတ်နာ,သလိပ်တွင် သွေးပါ,,
တီဘီရောဂါ,ချမ်းစိမ့်,အန်,မောပန်းနွမ်းနယ်,ချောင်းဆိုး,အဖျားကြီး,အသက်ရှူရခက်,ချွေးထွက်လွန်,ခံတွင်းပျက်/အဆာမပြေ,အဖျားငွေ့ငွေ့ရှိ,မျက်လုံးဝါ,ပြန်ရည်ကျင်းများ ရောင်,ကိုယ်လက်မအီမသာဖြစ်,သလိပ်ထ,ရင်ဘတ်နာ,သလိပ်တွင် သွေးပါ,,
တီဘီရောဂါ,ချမ်းစိမ့်,အန်,မောပန်းနွမ်းနယ်,ဝိတ်ကျ,အဖျားကြီး,အသက်ရှူရခက်,ချွေးထွက်လွန်,ခံတွင်းပျက်/အဆာမပြေ,အဖျားငွေ့ငွေ့ရှိ,မျက်လုံးဝါ,ပြန်ရည်ကျင်းများ ရောင်,ကိုယ်လက်မအီမသာဖြစ်,သလိပ်ထ,ရင်ဘတ်နာ,သလိပ်တွင် သွေးပါ,,
တီဘီရောဂါ,ချမ်းစိမ့်,အန်,မောပန်းနွမ်းနယ်,ဝိတ်ကျ,ချောင်းဆိုး,အသက်ရှူရခက်,ချွေးထွက်လွန်,ခံတွင်းပျက်/အဆာမပြေ,အဖျားငွေ့ငွေ့ရှိ,မျက်လုံးဝါ,ပြန်ရည်ကျင်းများ ရောင်,ကိုယ်လက်မအီမသာဖြစ်,သလိပ်ထ,ရင်ဘတ်နာ,သလိပ်တွင် သွေးပါ,,
တီဘီရောဂါ,ချမ်းစိမ့်,အန်,မောပန်းနွမ်းနယ်,ဝိတ်ကျ,ချောင်းဆိုး,အဖျားကြီး,ချွေးထွက်လွန်,ခံတွင်းပျက်/အဆာမပြေ,အဖျားငွေ့ငွေ့ရှိ,မျက်လုံးဝါ,ပြန်ရည်ကျင်းများ ရောင်,ကိုယ်လက်မအီမသာဖြစ်,သလိပ်ထ,ရင်ဘတ်နာ,သလိပ်တွင် သွေးပါ,,
တီဘီရောဂါ,ချမ်းစိမ့်,အန်,မောပန်းနွမ်းနယ်,ဝိတ်ကျ,ချောင်းဆိုး,အဖျားကြီး,အသက်ရှူရခက်,ခံတွင်းပျက်/အဆာမပြေ,အဖျားငွေ့ငွေ့ရှိ,မျက်လုံးဝါ,ပြန်ရည်ကျင်းများ ရောင်,ကိုယ်လက်မအီမသာဖြစ်,သလိပ်ထ,ရင်ဘတ်နာ,သလိပ်တွင် သွေးပါ,,
အအေးမိ တုပ်ကွေးရောဂါ,ဆက်တိုက် နှာချေ,ချမ်းစိမ့်,မောပန်းနွမ်းနယ်,ချောင်းဆိုး,အဖျားကြီး,ခေါင်းကိုက်,ပြန်ရည်ကျင်းများ ရောင်,ကိုယ်လက်မအီမသာဖြစ်,သလိပ်ထ,လည်ချောင်း ယား/ယက်,မျက်လုံးနီ,နှာခေါင်းခေါင်း ထိုင်းမှိုင်းနာ,နှာရည်ယို,နှာခေါင်းပိတ်,ရင်ဘတ်နာ,အနံ့မရ,ကြွက်သားနာ
အအေးမိ တုပ်ကွေးရောဂါ,ချမ်းစိမ့်,မောပန်းနွမ်းနယ်,ချောင်းဆိုး,အဖျားကြီး,ခေါင်းကိုက်,ပြန်ရည်ကျင်းများ ရောင်,ကိုယ်လက်မအီမသာဖြစ်,သလိပ်ထ,လည်ချောင်း ယား/ယက်,မျက်လုံးနီ,နှာခေါင်းခေါင်း ထိုင်းမှိုင်းနာ,နှာရည်ယို,နှာခေါင်းပိတ်,ရင်ဘတ်နာ,အနံ့မရ,ကြွက်သားနာ,
အအေးမိ တုပ်ကွေးရောဂါ,ဆက်တိုက် နှာချေ,မောပန်းနွမ်းနယ်,ချောင်းဆိုး,အဖျားကြီး,ခေါင်းကိုက်,ပြန်ရည်ကျင်းများ ရောင်,ကိုယ်လက်မအီမသာဖြစ်,သလိပ်ထ,လည်ချောင်း ယား/ယက်,မျက်လုံးနီ,နှာခေါင်းခေါင်း ထိုင်းမှိုင်းနာ,နှာရည်ယို,နှာခေါင်းပိတ်,ရင်ဘတ်နာ,အနံ့မရ,ကြွက်သားနာ,
အအေးမိ တုပ်ကွေးရောဂါ,ဆက်တိုက် နှာချေ,ချမ်းစိမ့်,ချောင်းဆိုး,အဖျားကြီး,ခေါင်းကိုက်,ပြန်ရည်ကျင်းများ ရောင်,ကိုယ်လက်မအီမသာဖြစ်,သလိပ်ထ,လည်ချောင်း ယား/ယက်,မျက်လုံးနီ,နှာခေါင်းခေါင်း ထိုင်းမှိုင်းနာ,နှာရည်ယို,နှာခေါင်းပိတ်,ရင်ဘတ်နာ,အနံ့မရ,ကြွက်သားနာ,
အအေးမိ တုပ်ကွေးရောဂါ,ဆက်တိုက် နှာချေ,ချမ်းစိမ့်,မောပန်းနွမ်းနယ်,အဖျားကြီး,ခေါင်းကိုက်,ပြန်ရည်ကျင်းများ ရောင်,ကိုယ်လက်မအီမသာဖြစ်,သလိပ်ထ,လည်ချောင်း ယား/ယက်,မျက်လုံးနီ,နှာခေါင်းခေါင်း ထိုင်းမှိုင်းနာ,နှာရည်ယို,နှာခေါင်းပိတ်,ရင်ဘတ်နာ,အနံ့မရ,ကြွက်သားနာ,
အအေးမိ တုပ်ကွေးရောဂါ,ဆက်တိုက် နှာချေ,ချမ်းစိမ့်,မောပန်းနွမ်းနယ်,ချောင်းဆိုး,ခေါင်းကိုက်,ပြန်ရည်ကျင်းများ ရောင်,ကိုယ်လက်မအီမသာဖြစ်,သလိပ်ထ,လည်ချောင်း ယား/ယက်,မျက်လုံးနီ,နှာခေါင်းခေါင်း ထိုင်းမှိုင်းနာ,နှာရည်ယို,နှာခေါင်းပိတ်,ရင်ဘတ်နာ,အနံ့မရ,ကြွက်သားနာ,
အအေးမိ တုပ်ကွေးရောဂါ,ဆက်တိုက် နှာချေ,ချမ်းစိမ့်,မောပန်းနွမ်းနယ်,ချောင်းဆိုး,အဖျားကြီး,ပြန်ရည်ကျင်းများ ရောင်,ကိုယ်လက်မအီမသာဖြစ်,သလိပ်ထ,လည်ချောင်း ယား/ယက်,မျက်လုံးနီ,နှာခေါင်းခေါင်း ထိုင်းမှိုင်းနာ,နှာရည်ယို,နှာခေါင်းပိတ်,ရင်ဘတ်နာ,အနံ့မရ,ကြွက်သားနာ,
အအေးမိ တုပ်ကွေးရောဂါ,ဆက်တိုက် နှာချေ,ချမ်းစိမ့်,မောပန်းနွမ်းနယ်,ချောင်းဆိုး,အဖျားကြီး,ခေါင်းကိုက်,ကိုယ်လက်မအီမသာဖြစ်,သလိပ်ထ,လည်ချောင်း ယား/ယက်,မျက်လုံးနီ,နှာခေါင်းခေါင်း ထိုင်းမှိုင်းနာ,နှာရည်ယို,နှာခေါင်းပိတ်,ရင်ဘတ်နာ,အနံ့မရ,ကြွက်သားနာ,
အအေးမိ တုပ်ကွေးရောဂါ,ဆက်တိုက် နှာချေ,ချမ်းစိမ့်,မောပန်းနွမ်းနယ်,ချောင်းဆိုး,အဖျားကြီး,ခေါင်းကိုက်,ပြန်ရည်ကျင်းများ ရောင်,သလိပ်ထ,လည်ချောင်း ယား/ယက်,မျက်လုံးနီ,နှာခေါင်းခေါင်း ထိုင်းမှိုင်းနာ,နှာရည်ယို,နှာခေါင်းပိတ်,ရင်ဘတ်နာ,အနံ့မရ,ကြွက်သားနာ,
အဆုတ်ရောင်ရောဂါ,ချမ်းစိမ့်,မောပန်းနွမ်းနယ်,ချောင်းဆိုး,အဖျားကြီး,အသက်ရှူရခက်,ချွေးထွက်လွန်,ကိုယ်လက်မအီမသာဖြစ်,ရင်ဘတ်နာ,နှလုံးခုန်မြန်,သံချေးရောင် သလိပ်ထ,,,,,,,
အဆုတ်ရောင်ရောဂါ,ချမ်းစိမ့်,မောပန်းနွမ်းနယ်,ချောင်းဆိုး,အဖျားကြီး,အသက်ရှူရခက်,ချွေးထွက်လွန်,ကိုယ်လက်မအီမသာဖြစ်,သလိပ်ထ,ရင်ဘတ်နာ,နှလုံးခုန်မြန်,သံချေးရောင် သလိပ်ထ,,,,,,
အဆုတ်ရောင်ရောဂါ,မောပန်းနွမ်းနယ်,ချောင်းဆိုး,အဖျားကြီး,အသက်ရှူရခက်,ချွေးထွက်လွန်,ကိုယ်လက်မအီမသာဖြစ်,သလိပ်ထ,ရင်ဘတ်နာ,နှလုံးခုန်မြန်,သံချေးရောင် သလိပ်ထ,,,,,,,
အဆုတ်ရောင်ရောဂါ,ချမ်းစိမ့်,ချောင်းဆိုး,အဖျားကြီး,အသက်ရှူရခက်,ချွေးထွက်လွန်,ကိုယ်လက်မအီမသာဖြစ်,သလိပ်ထ,ရင်ဘတ်နာ,နှလုံးခုန်မြန်,သံချေးရောင် သလိပ်ထ,,,,,,,
အဆုတ်ရောင်ရောဂါ,ချမ်းစိမ့်,မောပန်းနွမ်းနယ်,အဖျားကြီး,အသက်ရှူရခက်,ချွေးထွက်လွန်,ကိုယ်လက်မအီမသာဖြစ်,သလိပ်ထ,ရင်ဘတ်နာ,နှလုံးခုန်မြန်,သံချေးရောင် သလိပ်ထ,,,,,,,
အဆုတ်ရောင်ရောဂါ,ချမ်းစိမ့်,မောပန်းနွမ်းနယ်,ချောင်းဆိုး,အသက်ရှူရခက်,ချွေးထွက်လွန်,ကိုယ်လက်မအီမသာဖြစ်,သလိပ်ထ,ရင်ဘတ်နာ,နှလုံးခုန်မြန်,သံချေးရောင် သလိပ်ထ,,,,,,,
အဆုတ်ရောင်ရောဂါ,ချမ်းစိမ့်,မောပန်းနွမ်းနယ်,ချောင်းဆိုး,အဖျားကြီး,ချွေးထွက်လွန်,ကိုယ်လက်မအီမသာဖြစ်,သလိပ်ထ,ရင်ဘတ်နာ,နှလုံးခုန်မြန်,သံချေးရောင် သလိပ်ထ,,,,,,,
အဆုတ်ရောင်ရောဂါ,ချမ်းစိမ့်,မောပန်းနွမ်းနယ်,ချောင်းဆိုး,အဖျားကြီး,အသက်ရှူရခက်,ကိုယ်လက်မအီမသာဖြစ်,သလိပ်ထ,ရင်ဘတ်နာ,နှလုံးခုန်မြန်,သံချေးရောင် သလိပ်ထ,,,,,,,
အဆုတ်ရောင်ရောဂါ,ချမ်းစိမ့်,မောပန်းနွမ်းနယ်,ချောင်းဆိုး,အဖျားကြီး,အသက်ရှူရခက်,ချွေးထွက်လွန်,သလိပ်ထ,ရင်ဘတ်နာ,နှလုံးခုန်မြန်,သံချေးရောင် သလိပ်ထ,,,,,,,
လိပ်ခေါင်းရောဂါ,ဝမ်းချုပ်,ဝမ်းသွားစဉ် နာကျင်,စပါးပေါက်/စပလိန်နာ,ဝမ်းတွင် သွေးပါ,စပလိန်/စပါးပေါက် ယားယံ စပ်ဖျင်းဖျင်းဖြစ်,,,,,,,,,,,,
လိပ်ခေါင်းရောဂါ,ဝမ်းသွားစဉ် နာကျင်,စပါးပေါက်/စပလိန်နာ,ဝမ်းတွင် သွေးပါ,စပလိန်/စပါးပေါက် ယားယံ စပ်ဖျင်းဖျင်းဖြစ်,,,,,,,,,,,,,
လိပ်ခေါင်းရောဂါ,ဝမ်းချုပ်,စပါးပေါက်/စပလိန်နာ,ဝမ်းတွင် သွေးပါ,စပလိန်/စပါးပေါက် ယားယံ စပ်ဖျင်းဖျင်းဖြစ်,,,,,,,,,,,,,
လိပ်ခေါင်းရောဂါ,ဝမ်းချုပ်,ဝမ်းသွားစဉ် နာကျင်,ဝမ်းတွင် သွေးပါ,စပလိန်/စပါးပေါက် ယားယံ စပ်ဖျင်းဖျင်းဖြစ်,,,,,,,,,,,,,
လိပ်ခေါင်းရောဂါ,ဝမ်းချုပ်,ဝမ်းသွားစဉ် နာကျင်,စပါးပေါက်/စပလိန်နာ,စပလိန်/စပါးပေါက် ယားယံ စပ်ဖျင်းဖျင်းဖြစ်,,,,,,,,,,,,,
လိပ်ခေါင်းရောဂါ,ဝမ်းချုပ်,ဝမ်းသွားစဉ် နာကျင်,စပါးပေါက်/စပလိန်နာ,ဝမ်းတွင် သွေးပါ,,,,,,,,,,,,,
နှလုံးဖောက်ရောဂါ,အန်,အသက်ရှူရခက်,ချွေးထွက်လွန်,ရင်ဘတ်နာ,,,,,,,,,,,,,
နှလုံးဖောက်ရောဂါ,အသက်ရှူရခက်,ချွေးထွက်လွန်,ရင်ဘတ်နာ,,,,,,,,,,,,,,
နှလုံးဖောက်ရောဂါ,အန်,ချွေးထွက်လွန်,ရင်ဘတ်နာ,,,,,,,,,,,,,,
နှလုံးဖောက်ရောဂါ,အန်,အသက်ရှူရခက်,ရင်ဘတ်နာ,,,,,,,,,,,,,,
နှလုံးဖောက်ရောဂါ,အန်,အသက်ရှူရခက်,ချွေးထွက်လွန်,,,,,,,,,,,,,,
သွေးပြန်ကြော ထောင်ရောဂါ,မောပန်းနွမ်းနယ်,ကြွက်တက်,အညိုအမဲစွဲ,အဆုတ်လွန် အဝလွန်,ခြေထောက်များ ရောင်,သွေးကြောများ ရောင်,သင်းခွေစပ်/သလုံးကြွက်သား သွေးပြန်ကြောထောင်,,,,,,,,,,
သွေးပြန်ကြော ထောင်ရောဂါ,ကြွက်တက်,အညိုအမဲစွဲ,အဆုတ်လွန် အဝလွန်,ခြေထောက်များ ရောင်,သွေးကြောများ ရောင်,သင်းခွေစပ်/သလုံးကြွက်သား သွေးပြန်ကြောထောင်,,,,,,,,,,,
သွေးပြန်ကြော ထောင်ရောဂါ,မောပန်းနွမ်းနယ်,အညိုအမဲစွဲ,အဆုတ်လွန် အဝလွန်,ခြေထောက်များ ရောင်,သွေးကြောများ ရောင်,သင်းခွေစပ်/သလုံးကြွက်သား သွေးပြန်ကြောထောင်,,,,,,,,,,,
သွေးပြန်ကြော ထောင်ရောဂါ,မောပန်းနွမ်းနယ်,ကြွက်တက်,အဆုတ်လွန် အဝလွန်,ခြေထောက်များ ရောင်,သွေးကြောများ ရောင်,သင်းခွေစပ်/သလုံးကြွက်သား သွေးပြန်ကြောထောင်,,,,,,,,,,,
သွေးပြန်ကြော ထောင်ရောဂါ,မောပန်းနွမ်းနယ်,ကြွက်တက်,အညိုအမဲစွဲ,ခြေထောက်များ ရောင်,သွေးကြောများ ရောင်,သင်းခွေစပ်/သလုံးကြွက်သား သွေးပြန်ကြောထောင်,,,,,,,,,,,
သွေးပြန်ကြော ထောင်ရောဂါ,မောပန်းနွမ်းနယ်,ကြွက်တက်,အညိုအမဲစွဲ,အဆုတ်လွန် အဝလွန်,သွေးကြောများ ရောင်,သင်းခွေစပ်/သလုံးကြွက်သား သွေးပြန်ကြောထောင်,,,,,,,,,,,
သွေးပြန်ကြော ထောင်ရောဂါ,မောပန်းနွမ်းနယ်,ကြွက်တက်,အညိုအမဲစွဲ,အဆုတ်လွန် အဝလွန်,ခြေထောက်များ ရောင်,သင်းခွေစပ်/သလုံးကြွက်သား သွေးပြန်ကြောထောင်,,,,,,,,,,,
သွေးပြန်ကြော ထောင်ရောဂါ,မောပန်းနွမ်းနယ်,ကြွက်တက်,အညိုအမဲစွဲ,အဆုတ်လွန် အဝလွန်,ခြေထောက်များ ရောင်,သွေးကြောများ ရောင်,,,,,,,,,,,
သိုင်းရွိုက်ဟော်မုန်း နည်းရောဂါ,မောပန်းနွမ်းနယ်,ဝိတ်တက်,ခြေလက်များ အေးစက်,စိတ်အပြောင်းအလဲမြန်,အားအင်ကုန်ခန်း/နုံးခွေ,ခေါင်းမူး,မျက်နှာနှင့် မျက်လုံး ဖောင်းအိ,သိုင်းရွိုက်ဂလင်း ကြီး,လက်သည်း ခြေသည်းကျိုးလွယ်,ခြေလက်အစွန်းများ ရောင်,စိတ်ဓာတ်ကျ,စိတ်တိုလွယ်,ရာသီလာမှု မမှန်,,,,
သိုင်းရွိုက်ဟော်မုန်း နည်းရောဂါ,ဝိတ်တက်,ခြေလက်များ အေးစက်,စိတ်အပြောင်းအလဲမြန်,အားအင်ကုန်ခန်း/နုံးခွေ,ခေါင်းမူး,မျက်နှာနှင့် မျက်လုံး ဖောင်းအိ,သိုင်းရွိုက်ဂလင်း ကြီး,လက်သည်း ခြေသည်းကျိုးလွယ်,ခြေလက်အစွန်းများ ရောင်,စိတ်ဓာတ်ကျ,စိတ်တိုလွယ်,ရာသီလာမှု မမှန်,,,,,
သိုင်းရွိုက်ဟော်မုန်း နည်းရောဂါ,မောပန်းနွမ်းနယ်,ခြေလက်များ အေးစက်,စိတ်အပြောင်းအလဲမြန်,အားအင်ကုန်ခန်း/နုံးခွေ,ခေါင်းမူး,မျက်နှာနှင့် မျက်လုံး ဖောင်းအိ,သိုင်းရွိုက်ဂလင်း ကြီး,လက်သည်း ခြေသည်းကျိုးလွယ်,ခြေလက်အစွန်းများ ရောင်,စိတ်ဓာတ်ကျ,စိတ်တိုလွယ်,ရာသီလာမှု မမှန်,,,,,
သိုင်းရွိုက်ဟော်မုန်း နည်းရောဂါ,မောပန်းနွမ်းနယ်,ဝိတ်တက်,စိတ်အပြောင်းအလဲမြန်,အားအင်ကုန်ခန်း/နုံးခွေ,ခေါင်းမူး,မျက်နှာနှင့် မျက်လုံး ဖောင်းအိ,သိုင်းရွိုက်ဂလင်း ကြီး,လက်သည်း ခြေသည်းကျိုးလွယ်,ခြေလက်အစွန်းများ ရောင်,စိတ်ဓာတ်ကျ,စိတ်တိုလွယ်,ရာသီလာမှု မမှန်,,,,,
သိုင်းရွိုက်ဟော်မုန်း နည်းရောဂါ,မောပန်းနွမ်းနယ်,ဝိတ်တက်,ခြေလက်များ အေးစက်,အားအင်ကုန်ခန်း/နုံးခွေ,ခေါင်းမူး,မျက်နှာနှင့် မျက်လုံး ဖောင်းအိ,သိုင်းရွိုက်ဂလင်း ကြီး,လက်သည်း ခြေသည်းကျိုးလွယ်,ခြေလက်အစွန်းများ ရောင်,စိတ်ဓာတ်ကျ,စိတ်တိုလွယ်,ရာသီလာမှု မမှန်,,,,,
သိုင်းရွိုက်ဟော်မုန်း နည်းရောဂါ,မောပန်းနွမ်းနယ်,ဝိတ်တက်,ခြေလက်များ အေးစက်,စိတ်အပြောင်းအလဲမြန်,ခေါင်းမူး,မျက်နှာနှင့် မျက်လုံး ဖောင်းအိ,သိုင်းရွိုက်ဂလင်း ကြီး,လက်သည်း ခြေသည်းကျိုးလွယ်,ခြေလက်အစွန်းများ ရောင်,စိတ်ဓာတ်ကျ,စိတ်တိုလွယ်,ရာသီလာမှု မမှန်,,,,,
သိုင်းရွိုက်ဟော်မုန်း နည်းရောဂါ,မောပန်းနွမ်းနယ်,ဝိတ်တက်,ခြေလက်များ အေးစက်,စိတ်အပြောင်းအလဲမြန်,အားအင်ကုန်ခန်း/နုံးခွေ,မျက်နှာနှင့် မျက်လုံး ဖောင်းအိ,သိုင်းရွိုက်ဂလင်း ကြီး,လက်သည်း ခြေသည်းကျိုးလွယ်,ခြေလက်အစွန်းများ ရောင်,စိတ်ဓာတ်ကျ,စိတ်တိုလွယ်,ရာသီလာမှု မမှန်,,,,,
သိုင်းရွိုက်ဟော်မုန်း နည်းရောဂါ,မောပန်းနွမ်းနယ်,ဝိတ်တက်,ခြေလက်များ အေးစက်,စိတ်အပြောင်းအလဲမြန်,အားအင်ကုန်ခန်း/နုံးခွေ,ခေါင်းမူး,သိုင်းရွိုက်ဂလင်း ကြီး,လက်သည်း ခြေသည်းကျိုးလွယ်,ခြေလက်အစွန်းများ ရောင်,စိတ်ဓာတ်ကျ,စိတ်တိုလွယ်,ရာသီလာမှု မမှန်,,,,,
သိုင်းရွိုက်ဟော်မုန်း လွန်ကဲရောဂါ,မောပန်းနွမ်းနယ်,စိတ်အပြောင်းအလဲမြန်,ဝိတ်ကျ,ဂနာမငြိမ်ဖြစ်,ချွေးထွက်လွန်,ဝမ်းလျှော,နှလုံးခုန်မြန်,အလွန်အမင်း ဆာလောင်,ကြွက်သားအားနည်း,စိတ်တိုလွယ်,ရာသီလာမှု မမှန်,,,,,,
သိုင်းရွိုက်ဟော်မုန်း လွန်ကဲရောဂါ,စိတ်အပြောင်းအလဲမြန်,ဝိတ်ကျ,ဂနာမငြိမ်ဖြစ်,ချွေးထွက်လွန်,ဝမ်းလျှော,နှလုံးခုန်မြန်,အလွန်အမင်း ဆာလောင်,ကြွက်သားအားနည်း,စိတ်တိုလွယ်,ရာသီလာမှု မမှန်,,,,,,,
သိုင်းရွိုက်ဟော်မုန်း လွန်ကဲရောဂါ,မောပန်းနွမ်းနယ်,ဝိတ်ကျ,ဂနာမငြိမ်ဖြစ်,ချွေးထွက်လွန်,ဝမ်းလျှော,နှလုံးခုန်မြန်,အလွန်အမင်း ဆာလောင်,ကြွက်သားအားနည်း,စိတ်တိုလွယ်,ရာသီလာမှု မမှန်,,,,,,,
သိုင်းရွိုက်ဟော်မုန်း လွန်ကဲရောဂါ,မောပန်းနွမ်းနယ်,စိတ်အပြောင်းအလဲမြန်,ဂနာမငြိမ်ဖြစ်,ချွေးထွက်လွန်,ဝမ်းလျှော,နှလုံးခုန်မြန်,အလွန်အမင်း ဆာလောင်,ကြွက်သားအားနည်း,စိတ်တိုလွယ်,ရာသီလာမှု မမှန်,,,,,,,
သိုင်းရွိုက်ဟော်မုန်း လွန်ကဲရောဂါ,မောပန်းနွမ်းနယ်,စိတ်အပြောင်းအလဲမြန်,ဝိတ်ကျ,ချွေးထွက်လွန်,ဝမ်းလျှော,နှလုံးခုန်မြန်,အလွန်အမင်း ဆာလောင်,ကြွက်သားအားနည်း,စိတ်တိုလွယ်,ရာသီလာမှု မမှန်,,,,,,,
သိုင်းရွိုက်ဟော်မုန်း လွန်ကဲရောဂါ,မောပန်းနွမ်းနယ်,စိတ်အပြောင်းအလဲမြန်,ဝိတ်ကျ,ဂနာမငြိမ်ဖြစ်,ဝမ်းလျှော,နှလုံးခုန်မြန်,အလွန်အမင်း ဆာလောင်,ကြွက်သားအားနည်း,စိတ်တိုလွယ်,ရာသီလာမှု မမှန်,,,,,,,
သိုင်းရွိုက်ဟော်မုန်း လွန်ကဲရောဂါ,မောပန်းနွမ်းနယ်,စိတ်အပြောင်းအလဲမြန်,ဝိတ်ကျ,ဂနာမငြိမ်ဖြစ်,ချွေးထွက်လွန်,နှလုံးခုန်မြန်,အလွန်အမင်း ဆာလောင်,ကြွက်သားအားနည်း,စိတ်တိုလွယ်,ရာသီလာမှု မမှန်,,,,,,,
သိုင်းရွိုက်ဟော်မုန်း လွန်ကဲရောဂါ,မောပန်းနွမ်းနယ်,စိတ်အပြောင်းအလဲမြန်,ဝိတ်ကျ,ဂနာမငြိမ်ဖြစ်,ချွေးထွက်လွန်,ဝမ်းလျှော,အလွန်အမင်း ဆာလောင်,ကြွက်သားအားနည်း,စိတ်တိုလွယ်,ရာသီလာမှု မမှန်,,,,,,,
သိုင်းရွိုက်ဟော်မုန်း လွန်ကဲရောဂါ,မောပန်းနွမ်းနယ်,စိတ်အပြောင်းအလဲမြန်,ဝိတ်ကျ,ဂနာမငြိမ်ဖြစ်,ချွေးထွက်လွန်,ဝမ်းလျှော,နှလုံးခုန်မြန်,ကြွက်သားအားနည်း,စိတ်တိုလွယ်,ရာသီလာမှု မမှန်,,,,,,,
သွေးတွင်းသကြားဓာတ် နည်းရောဂါ,အန်,မောပန်းနွမ်းနယ်,စိုးရိမ်စိတ်လွန်ကဲ,ချွေးထွက်လွန်,ခေါင်းကိုက်,ပျို့အန်ချင်,အမြင်အာရုံ ဝေဝါး,အလွန်အမင်း ဆာလောင်,စကားပြော မပီမသဖြစ်,စိတ်တိုလွယ်,ရင်တုန်,,,,,,
သွေးတွင်းသကြားဓာတ် နည်းရောဂါ,အန်,မောပန်းနွမ်းနယ်,စိုးရိမ်စိတ်လွန်ကဲ,ချွေးထွက်လွန်,ခေါင်းကိုက်,ပျို့အန်ချင်,အမြင်အာရုံ ဝေဝါး,အလွန်အမင်း ဆာလောင်,နှုတ်ခမ်းခြောက်ပြီး ကျဉ်,စကားပြော မပီမသဖြစ်,စိတ်တိုလွယ်,ရင်တုန်,,,,,
သွေးတွင်းသကြားဓာတ် နည်းရောဂါ,မောပန်းနွမ်းနယ်,စိုးရိမ်စိတ်လွန်ကဲ,ချွေးထွက်လွန်,ခေါင်းကိုက်,ပျို့အန်ချင်,အမြင်အာရုံ ဝေဝါး,အလွန်အမင်း ဆာလောင်,နှုတ်ခမ်းခြောက်ပြီး ကျဉ်,စကားပြော မပီမသဖြစ်,စိတ်တိုလွယ်,ရင်တုန်,,,,,,
သွေးတွင်းသကြားဓာတ် နည်းရောဂါ,အန်,စိုးရိမ်စိတ်လွန်ကဲ,ချွေးထွက်လွန်,ခေါင်းကိုက်,ပျို့အန်ချင်,အမြင်အာရုံ ဝေဝါး,အလွန်အမင်း ဆာလောင်,နှုတ်ခမ်းခြောက်ပြီး ကျဉ်,စကားပြော မပီမသဖြစ်,စိတ်တိုလွယ်,ရင်တုန်,,,,,,
သွေးတွင်းသကြားဓာတ် နည်းရောဂါ,အန်,မောပန်းနွမ်းနယ်,ချွေးထွက်လွန်,ခေါင်းကိုက်,ပျို့အန်ချင်,အမြင်အာရုံ ဝေဝါး,အလွန်အမင်း ဆာလောင်,နှုတ်ခမ်းခြောက်ပြီး ကျဉ်,စကားပြော မပီမသဖြစ်,စိတ်တိုလွယ်,ရင်တုန်,,,,,,
သွေးတွင်းသကြားဓာတ် နည်းရောဂါ,အန်,မောပန်းနွမ်းနယ်,စိုးရိမ်စိတ်လွန်ကဲ,ခေါင်းကိုက်,ပျို့အန်ချင်,အမြင်အာရုံ ဝေဝါး,အလွန်အမင်း ဆာလောင်,နှုတ်ခမ်းခြောက်ပြီး ကျဉ်,စကားပြော မပီမသဖြစ်,စိတ်တိုလွယ်,ရင်တုန်,,,,,,
သွေးတွင်းသကြားဓာတ် နည်းရောဂါ,အန်,မောပန်းနွမ်းနယ်,စိုးရိမ်စိတ်လွန်ကဲ,ချွေးထွက်လွန်,ပျို့အန်ချင်,အမြင်အာရုံ ဝေဝါး,အလွန်အမင်း ဆာလောင်,နှုတ်ခမ်းခြောက်ပြီး ကျဉ်,စကားပြော မပီမသဖြစ်,စိတ်တိုလွယ်,ရင်တုန်,,,,,,
သွေးတွင်းသကြားဓာတ် နည်းရောဂါ,အန်,မောပန်းနွမ်းနယ်,စိုးရိမ်စိတ်လွန်ကဲ,ချွေးထွက်လွန်,ခေါင်းကိုက်,အမြင်အာရုံ ဝေဝါး,အလွန်အမင်း ဆာလောင်,နှုတ်ခမ်းခြောက်ပြီး ကျဉ်,စကားပြော မပီမသဖြစ်,စိတ်တိုလွယ်,ရင်တုန်,,,,,,
သွေးတွင်းသကြားဓာတ် နည်းရောဂါ,အန်,မောပန်းနွမ်းနယ်,စိုးရိမ်စိတ်လွန်ကဲ,ချွေးထွက်လွန်,ခေါင်းကိုက်,ပျို့အန်ချင်,အလွန်အမင်း ဆာလောင်,နှုတ်ခမ်းခြောက်ပြီး ကျဉ်,စကားပြော မပီမသဖြစ်,စိတ်တိုလွယ်,ရင်တုန်,,,,,,
အရိုးအဆစ် ယိုယွင်းရောဂါ,အဆစ်အမြစ်နာ,ဇက်နာ,ဒူးနာ,တင်ပါးဆုံအဆစ်နာ,အဆစ်များ ရောင်,လမ်းလျှောက်လျှင် နာ,,,,,,,,,,,
အရိုးအဆစ် ယိုယွင်းရောဂါ,ဇက်နာ,ဒူးနာ,တင်ပါးဆုံအဆစ်နာ,အဆစ်များ ရောင်,လမ်းလျှောက်လျှင် နာ,,,,,,,,,,,,
အရိုးအဆစ် ယိုယွင်းရောဂါ,အဆစ်အမြစ်နာ,ဒူးနာ,တင်ပါးဆုံအဆစ်နာ,အဆစ်များ ရောင်,လမ်းလျှောက်လျှင် နာ,,,,,,,,,,,,
အရိုးအဆစ် ယိုယွင်းရောဂါ,အဆစ်အမြစ်နာ,ဇက်နာ,တင်ပါးဆုံအဆစ်နာ,အဆစ်များ ရောင်,လမ်းလျှောက်လျှင် နာ,,,,,,,,,,,,
အရိုးအဆစ် ယိုယွင်းရောဂါ,အဆစ်အမြစ်နာ,ဇက်နာ,ဒူးနာ,အဆစ်များ ရောင်,လမ်းလျှောက်လျှင် နာ,,,,,,,,,,,,
အရိုးအဆစ် ယိုယွင်းရောဂါ,အဆစ်အမြစ်နာ,ဇက်နာ,ဒူးနာ,တင်ပါးဆုံအဆစ်နာ,လမ်းလျှောက်လျှင် နာ,,,,,,,,,,,,
အရိုးအဆစ် ယိုယွင်းရောဂါ,အဆစ်အမြစ်နာ,ဇက်နာ,ဒူးနာ,တင်ပါးဆုံအဆစ်နာ,အဆစ်များ ရောင်,,,,,,,,,,,,
အဆစ်ရောင်ရောဂါ,ကြွက်သားအားနည်း,ဇက်တောင့်,အဆစ်များ ရောင်,လှုပ်ရှားရခက်ခဲ/တောင့်တင်း,လမ်းလျှောက်လျှင် နာ,,,,,,,,,,,,
အဆစ်ရောင်ရောဂါ,ဇက်တောင့်,အဆစ်များ ရောင်,လှုပ်ရှားရခက်ခဲ/တောင့်တင်း,လမ်းလျှောက်လျှင် နာ,,,,,,,,,,,,,
အဆစ်ရောင်ရောဂါ,ကြွက်သားအားနည်း,အဆစ်များ ရောင်,လှုပ်ရှားရခက်ခဲ/တောင့်တင်း,လမ်းလျှောက်လျှင် နာ,,,,,,,,,,,,,
အဆစ်ရောင်ရောဂါ,ကြွက်သားအားနည်း,ဇက်တောင့်,လှုပ်ရှားရခက်ခဲ/တောင့်တင်း,လမ်းလျှောက်လျှင် နာ,,,,,,,,,,,,,
အဆစ်ရောင်ရောဂါ,ကြွက်သားအားနည်း,ဇက်တောင့်,အဆစ်များ ရောင်,လမ်းလျှောက်လျှင် နာ,,,,,,,,,,,,,
အဆစ်ရောင်ရောဂါ,ကြွက်သားအားနည်း,ဇက်တောင့်,အဆစ်များ ရောင်,လှုပ်ရှားရခက်ခဲ/တောင့်တင်း,,,,,,,,,,,,,
ချာချာလည် ခေါင်းမူးရောဂါ (Vertigo),အန်,ခေါင်းကိုက်,ပျို့အန်ချင်,ချာချာလည် မူး,ဟန်ချက်ပျက်,ခြေလှမ်း မခိုင်,,,,,,,,,,,
ချာချာလည် ခေါင်းမူးရောဂါ (Vertigo),ခေါင်းကိုက်,ပျို့အန်ချင်,ချာချာလည် မူး,ဟန်ချက်ပျက်,ခြေလှမ်း မခိုင်,,,,,,,,,,,,
ချာချာလည် ခေါင်းမူးရောဂါ (Vertigo),အန်,ပျို့အန်ချင်,ချာချာလည် မူး,ဟန်ချက်ပျက်,ခြေလှမ်း မခိုင်,,,,,,,,,,,,
ချာချာလည် ခေါင်းမူးရောဂါ (Vertigo),အန်,ခေါင်းကိုက်,ချာချာလည် မူး,ဟန်ချက်ပျက်,ခြေလှမ်း မခိုင်,,,,,,,,,,,,
ချာချာလည် ခေါင်းမူးရောဂါ (Vertigo),အန်,ခေါင်းကိုက်,ပျို့အန်ချင်,ဟန်ချက်ပျက်,ခြေလှမ်း မခိုင်,,,,,,,,,,,,
ချာချာလည် ခေါင်းမူးရောဂါ (Vertigo),အန်,ခေါင်းကိုက်,ပျို့အန်ချင်,ချာချာလည် မူး,ခြေလှမ်း မခိုင်,,,,,,,,,,,,
ချာချာလည် ခေါင်းမူးရောဂါ (Vertigo),အန်,ခေါင်းကိုက်,ပျို့အန်ချင်,ချာချာလည် မူး,ဟန်ချက်ပျက်,,,,,,,,,,,,
ဝက်ခြံရောဂါ,အရေပြား အဖုအပိန့်ထ,ပြည်ပါဝက်ခြံထ,ဝက်ခြံခေါင်းမည်း,အမာရွတ်ကျန်,,,,,,,,,,,,,
ဝက်ခြံရောဂါ,ပြည်ပါဝက်ခြံထ,ဝက်ခြံခေါင်းမည်း,အမာရွတ်ကျန်,,,,,,,,,,,,,,
ဝက်ခြံရောဂါ,အရေပြား အဖုအပိန့်ထ,ဝက်ခြံခေါင်းမည်း,အမာရွတ်ကျန်,,,,,,,,,,,,,,
ဝက်ခြံရောဂါ,အရေပြား အဖုအပိန့်ထ,ပြည်ပါဝက်ခြံထ,အမာရွတ်ကျန်,,,,,,,,,,,,,,
ဝက်ခြံရောဂါ,အရေပြား အဖုအပိန့်ထ,ပြည်ပါဝက်ခြံထ,ဝက်ခြံခေါင်းမည်း,,,,,,,,,,,,,,
ဆီးလမ်းကြောင်း ပိုးဝင်ရောဂါ,ဆီးပူ/ဆီးအောင့်,ဆီးအိမ် မသက်မသာဖြစ်,ဆီး အနံ့ဆိုးထွက်,ဆီးခဏခဏသွားချင်,,,,,,,,,,,,,
ဆီးလမ်းကြောင်း ပိုးဝင်ရောဂါ,ဆီးအိမ် မသက်မသာဖြစ်,ဆီး အနံ့ဆိုးထွက်,ဆီးခဏခဏသွားချင်,,,,,,,,,,,,,,
ဆီးလမ်းကြောင်း ပိုးဝင်ရောဂါ,ဆီးပူ/ဆီးအောင့်,ဆီး အနံ့ဆိုးထွက်,ဆီးခဏခဏသွားချင်,,,,,,,,,,,,,,
ဆီးလမ်းကြောင်း ပိုးဝင်ရောဂါ,ဆီးပူ/ဆီးအောင့်,ဆီးအိမ် မသက်မသာဖြစ်,ဆီးခဏခဏသွားချင်,,,,,,,,,,,,,,
ဆီးလမ်းကြောင်း ပိုးဝင်ရောဂါ,ဆီးပူ/ဆီးအောင့်,ဆီးအိမ် မသက်မသာဖြစ်,ဆီး အနံ့ဆိုးထွက်,,,,,,,,,,,,,,
စက်ရောင် အရေပြားရောဂါ (Psoriasis),အရေပြား အဖုအပိန့်ထ,အဆစ်အမြစ်နာ,အရေပြားကွာ,ငွေရောင် အကြေးခွံများထ,လက်သည်းပေါ် အပေါက်သေးများဖြစ်,လက်သည်းရောင်,,,,,,,,,,,
စက်ရောင် အရေပြားရောဂါ (Psoriasis),အဆစ်အမြစ်နာ,အရေပြားကွာ,ငွေရောင် အကြေးခွံများထ,လက်သည်းပေါ် အပေါက်သေးများဖြစ်,လက်သည်းရောင်,,,,,,,,,,,,
စက်ရောင် အရေပြားရောဂါ (Psoriasis),အရေပြား အဖုအပိန့်ထ,အရေပြားကွာ,ငွေရောင် အကြေးခွံများထ,လက်သည်းပေါ် အပေါက်သေးများဖြစ်,လက်သည်းရောင်,,,,,,,,,,,,
စက်ရောင် အရေပြားရောဂါ (Psoriasis),အရေပြား အဖုအပိန့်ထ,အဆစ်အမြစ်နာ,ငွေရောင် အကြေးခွံများထ,လက်သည်းပေါ် အပေါက်သေးများဖြစ်,လက်သည်းရောင်,,,,,,,,,,,,
စက်ရောင် အရေပြားရောဂါ (Psoriasis),အရေပြား အဖုအပိန့်ထ,အဆစ်အမြစ်နာ,အရေပြားကွာ,လက်သည်းပေါ် အပေါက်သေးများဖြစ်,လက်သည်းရောင်,,,,,,,,,,,,
စက်ရောင် အရေပြားရောဂါ (Psoriasis),အရေပြား အဖုအပိန့်ထ,အဆစ်အမြစ်နာ,အရေပြားကွာ,ငွေရောင် အကြေးခွံများထ,လက်သည်းရောင်,,,,,,,,,,,,
စက်ရောင် အရေပြားရောဂါ (Psoriasis),အရေပြား အဖုအပိန့်ထ,အဆစ်အမြစ်နာ,အရေပြားကွာ,ငွေရောင် အကြေးခွံများထ,လက်သည်းပေါ် အပေါက်သေးများဖြစ်,,,,,,,,,,,,
အရေပြား ပိုးဝင် အနာကွက်ရောဂါ,အရေပြား အဖုအပိန့်ထ,အဖျားကြီး,အရည်ကြည်ဖုထ,နှာခေါင်းဘေး အနီကွက်/အနာဖြစ်,အဝါရောင် အနာဖတ်/အရည်ယို,,,,,,,,,,,,
အရေပြား ပိုးဝင် အနာကွက်ရောဂါ,အဖျားကြီး,အရည်ကြည်ဖုထ,နှာခေါင်းဘေး အနီကွက်/အနာဖြစ်,အဝါရောင် အနာဖတ်/အရည်ယို,,,,,,,,,,,,,
အရေပြား ပိုးဝင် အနာကွက်ရောဂါ,အရေပြား အဖုအပိန့်ထ,အရည်ကြည်ဖုထ,နှာခေါင်းဘေး အနီကွက်/အနာဖြစ်,အဝါရောင် အနာဖတ်/အရည်ယို,,,,,,,,,,,,,
အရေပြား ပိုးဝင် အနာကွက်ရောဂါ,အရေပြား အဖုအပိန့်ထ,အဖျားကြီး,နှာခေါင်းဘေး အနီကွက်/အနာဖြစ်,အဝါရောင် အနာဖတ်/အရည်ယို,,,,,,,,,,,,,
အရေပြား ပိုးဝင် အနာကွက်ရောဂါ,အရေပြား အဖုအပိန့်ထ,အဖျားကြီး,အရည်ကြည်ဖုထ,အဝါရောင် အနာဖတ်/အရည်ယို,,,,,,,,,,,,,
အရေပြား ပိုးဝင် အနာကွက်ရောဂါ,အရေပြား အဖုအပိန့်ထ,အဖျားကြီး,အရည်ကြည်ဖုထ,နှာခေါင်းဘေး အနီကွက်/အနာဖြစ်,,,,,,,,,,,,,
